"customer_id","cluster"
"cust_06252","2"
"cust_04684","2"
"cust_01731","2"
"cust_04742","4"
"cust_04521","1"
"cust_06340","2"
"cust_00576","1"
"cust_05202","2"
"cust_06363","2"
"cust_00439","2"
"cust_02750","1"
"cust_07487","2"
"cust_05272","0"
"cust_05653","2"
"cust_03999","3"
"cust_06033","2"
"cust_00582","1"
"cust_09930","2"
"cust_07051","3"
"cust_08158","0"
"cust_09896","3"
"cust_02249","2"
"cust_04640","3"
"cust_09485","5"
"cust_04947","4"
"cust_09920","3"
"cust_01963","0"
"cust_08243","0"
"cust_06590","4"
"cust_08847","1"
"cust_00321","5"
"cust_02678","4"
"cust_04625","4"
"cust_04949","3"
"cust_08328","1"
"cust_03337","4"
"cust_05589","3"
"cust_00251","2"
"cust_03973","3"
"cust_06630","4"
"cust_05547","2"
"cust_00035","3"
"cust_08362","3"
"cust_01513","2"
"cust_09317","3"
"cust_00039","1"
"cust_04819","1"
"cust_03465","2"
"cust_01760","3"
"cust_02304","5"
"cust_03723","5"
"cust_08284","2"
"cust_04993","3"
"cust_08127","0"
"cust_03032","3"
"cust_07938","3"
"cust_03039","5"
"cust_09655","2"
"cust_02545","0"
"cust_02592","5"
"cust_01188","2"
"cust_07966","1"
"cust_06077","0"
"cust_00107","1"
"cust_01315","3"
"cust_08187","4"
"cust_02753","0"
"cust_09753","3"
"cust_06231","2"
"cust_02876","3"
"cust_05323","2"
"cust_00799","1"
"cust_03570","4"
"cust_02894","3"
"cust_02927","2"
"cust_08178","3"
"cust_00971","3"
"cust_06687","2"
"cust_08575","2"
"cust_02020","1"
"cust_09054","4"
"cust_00952","2"
"cust_05359","5"
"cust_03857","0"
"cust_05861","5"
"cust_03145","1"
"cust_03305","4"
"cust_03006","4"
"cust_09001","2"
"cust_07770","4"
"cust_07438","1"
"cust_07942","3"
"cust_09238","4"
"cust_01056","3"
"cust_03154","1"
"cust_03787","1"
"cust_09189","2"
"cust_07825","1"
"cust_07539","3"
"cust_07231","1"
"cust_00764","0"
"cust_05019","2"
"cust_04903","3"
"cust_08093","3"
"cust_06843","1"
"cust_02165","4"
"cust_01862","0"
"cust_07850","2"
"cust_09123","2"
"cust_02340","0"
"cust_05527","0"
"cust_06743","3"
"cust_04003","3"
"cust_01123","1"
"cust_08709","3"
"cust_04049","4"
"cust_07640","5"
"cust_00765","4"
"cust_02344","1"
"cust_04071","3"
"cust_07216","2"
"cust_04216","2"
"cust_07952","2"
"cust_05970","4"
"cust_03350","3"
"cust_04695","3"
"cust_03399","0"
"cust_04081","3"
"cust_09149","2"
"cust_01224","3"
"cust_06292","2"
"cust_03122","2"
"cust_00510","2"
"cust_05794","5"
"cust_08181","1"
"cust_09417","2"
"cust_00096","2"
"cust_06681","5"
"cust_01512","3"
"cust_08791","3"
"cust_00119","2"
"cust_07791","2"
"cust_06517","3"
"cust_00033","1"
"cust_07887","1"
"cust_06830","3"
"cust_05421","3"
"cust_01068","3"
"cust_01347","2"
"cust_04747","2"
"cust_06005","3"
"cust_06039","3"
"cust_03817","3"
"cust_08446","2"
"cust_05269","4"
"cust_06897","2"
"cust_05309","2"
"cust_00031","1"
"cust_05674","4"
"cust_04386","0"
"cust_00029","3"
"cust_04202","0"
"cust_07507","1"
"cust_00735","1"
"cust_02067","0"
"cust_00106","3"
"cust_09644","2"
"cust_08894","2"
"cust_08020","2"
"cust_02232","1"
"cust_00993","2"
"cust_09412","3"
"cust_07058","4"
"cust_06789","3"
"cust_00360","2"
"cust_00304","5"
"cust_02627","4"
"cust_08965","3"
"cust_04513","3"
"cust_05910","3"
"cust_08313","4"
"cust_03100","0"
"cust_05703","4"
"cust_03898","4"
"cust_05440","2"
"cust_07930","1"
"cust_00621","1"
"cust_07235","3"
"cust_02498","2"
"cust_00713","1"
"cust_08403","5"
"cust_02855","2"
"cust_04269","5"
"cust_02908","0"
"cust_08080","3"
"cust_04516","0"
"cust_01261","1"
"cust_03160","1"
"cust_00970","2"
"cust_03912","5"
"cust_05198","3"
"cust_08846","1"
"cust_00259","1"
"cust_03790","0"
"cust_09202","0"
"cust_00487","1"
"cust_07907","5"
"cust_00518","1"
"cust_08342","3"
"cust_00311","2"
"cust_03231","4"
"cust_07932","2"
"cust_07457","3"
"cust_09783","4"
"cust_05183","1"
"cust_08076","1"
"cust_06501","3"
"cust_06790","3"
"cust_07772","2"
"cust_02737","0"
"cust_07841","2"
"cust_06261","3"
"cust_08205","2"
"cust_01247","2"
"cust_09335","2"
"cust_04194","1"
"cust_08000","3"
"cust_07377","0"
"cust_03434","0"
"cust_05381","3"
"cust_00958","1"
"cust_00416","3"
"cust_05741","4"
"cust_06727","5"
"cust_04381","5"
"cust_05196","1"
"cust_01112","4"
"cust_02688","5"
"cust_06472","5"
"cust_08819","4"
"cust_07807","2"
"cust_03410","1"
"cust_00080","2"
"cust_04613","1"
"cust_01373","2"
"cust_01509","0"
"cust_06442","3"
"cust_03070","2"
"cust_03015","0"
"cust_04822","2"
"cust_07821","0"
"cust_00092","3"
"cust_09420","3"
"cust_06599","3"
"cust_04442","2"
"cust_07601","1"
"cust_03834","4"
"cust_09701","3"
"cust_04321","1"
"cust_03393","2"
"cust_04751","1"
"cust_07228","2"
"cust_09190","1"
"cust_02360","5"
"cust_01147","0"
"cust_05665","3"
"cust_08074","2"
"cust_04942","3"
"cust_03662","4"
"cust_01562","2"
"cust_04112","3"
"cust_09049","3"
"cust_09275","2"
"cust_08537","2"
"cust_00794","2"
"cust_05853","2"
"cust_07618","1"
"cust_01593","1"
"cust_07417","3"
"cust_05266","4"
"cust_07146","1"
"cust_00088","0"
"cust_08694","2"
"cust_09731","1"
"cust_09445","3"
"cust_06753","0"
"cust_03501","5"
"cust_02233","1"
"cust_02802","3"
"cust_04423","4"
"cust_05662","3"
"cust_07169","3"
"cust_08336","0"
"cust_02147","5"
"cust_07968","2"
"cust_06550","2"
"cust_07642","1"
"cust_06163","2"
"cust_01494","1"
"cust_07695","2"
"cust_07093","2"
"cust_01408","4"
"cust_06690","2"
"cust_03400","1"
"cust_00108","3"
"cust_05635","2"
"cust_08481","3"
"cust_06603","3"
"cust_01090","3"
"cust_05559","1"
"cust_09411","4"
"cust_08142","0"
"cust_08663","1"
"cust_06595","2"
"cust_00623","2"
"cust_06870","1"
"cust_04813","3"
"cust_06552","2"
"cust_07529","1"
"cust_05795","2"
"cust_07436","1"
"cust_04217","2"
"cust_05940","3"
"cust_08500","5"
"cust_06428","3"
"cust_06826","4"
"cust_04130","1"
"cust_07801","0"
"cust_07753","4"
"cust_04721","0"
"cust_01650","1"
"cust_04140","2"
"cust_01617","2"
"cust_02029","3"
"cust_08517","2"
"cust_04575","2"
"cust_03992","3"
"cust_07376","2"
"cust_06149","2"
"cust_04908","1"
"cust_05026","3"
"cust_08260","2"
"cust_04731","1"
"cust_07548","1"
"cust_08134","4"
"cust_01606","2"
"cust_04773","2"
"cust_08109","3"
"cust_06951","4"
"cust_06004","2"
"cust_07728","1"
"cust_03541","2"
"cust_00388","5"
"cust_01794","4"
"cust_08731","2"
"cust_04919","5"
"cust_05537","3"
"cust_03872","2"
"cust_08868","1"
"cust_02254","4"
"cust_03412","2"
"cust_05459","3"
"cust_04955","2"
"cust_07396","1"
"cust_05414","1"
"cust_07399","0"
"cust_07414","0"
"cust_09100","2"
"cust_04851","0"
"cust_02025","3"
"cust_02615","3"
"cust_07388","3"
"cust_02926","2"
"cust_01121","0"
"cust_02910","4"
"cust_08146","3"
"cust_07383","4"
"cust_03482","0"
"cust_00795","3"
"cust_01575","2"
"cust_06176","1"
"cust_06266","3"
"cust_02458","3"
"cust_03312","4"
"cust_01253","1"
"cust_06834","3"
"cust_08794","1"
"cust_03837","3"
"cust_04398","3"
"cust_03595","0"
"cust_06621","2"
"cust_08382","2"
"cust_02124","4"
"cust_03238","3"
"cust_05403","1"
"cust_05998","2"
"cust_05938","2"
"cust_02045","1"
"cust_01578","2"
"cust_00014","1"
"cust_02673","1"
"cust_07016","2"
"cust_08720","2"
"cust_08849","3"
"cust_04812","3"
"cust_01084","3"
"cust_04983","3"
"cust_07155","2"
"cust_02884","2"
"cust_00333","2"
"cust_07204","2"
"cust_04367","3"
"cust_03079","1"
"cust_07203","4"
"cust_09909","4"
"cust_08864","2"
"cust_00263","3"
"cust_04337","5"
"cust_08895","2"
"cust_08447","4"
"cust_05903","3"
"cust_01498","3"
"cust_04190","5"
"cust_07485","4"
"cust_09643","3"
"cust_08310","0"
"cust_07590","3"
"cust_00500","4"
"cust_09155","2"
"cust_09414","5"
"cust_03095","0"
"cust_04631","3"
"cust_00367","3"
"cust_04058","5"
"cust_08174","2"
"cust_04630","1"
"cust_06070","3"
"cust_02664","0"
"cust_01026","0"
"cust_05908","4"
"cust_05050","0"
"cust_06328","4"
"cust_09733","4"
"cust_01691","3"
"cust_00673","0"
"cust_05572","2"
"cust_05766","3"
"cust_05156","5"
"cust_00733","2"
"cust_03526","1"
"cust_00568","2"
"cust_09187","1"
"cust_02922","3"
"cust_07911","3"
"cust_01558","1"
"cust_00101","0"
"cust_03007","0"
"cust_07201","2"
"cust_00303","0"
"cust_00076","3"
"cust_06754","2"
"cust_08629","0"
"cust_01208","2"
"cust_07742","2"
"cust_08214","0"
"cust_08944","2"
"cust_08413","2"
"cust_01775","0"
"cust_03473","3"
"cust_00483","4"
"cust_02189","2"
"cust_00346","5"
"cust_05481","2"
"cust_08361","5"
"cust_01472","2"
"cust_05100","3"
"cust_06765","3"
"cust_08706","1"
"cust_04929","2"
"cust_06329","3"
"cust_02609","1"
"cust_00003","0"
"cust_02213","2"
"cust_04827","4"
"cust_00856","3"
"cust_06977","3"
"cust_05885","2"
"cust_00624","3"
"cust_00290","2"
"cust_02018","3"
"cust_00668","3"
"cust_08921","3"
"cust_08264","2"
"cust_09696","4"
"cust_01631","1"
"cust_05170","3"
"cust_07205","4"
"cust_02522","5"
"cust_02215","0"
"cust_06968","2"
"cust_06496","4"
"cust_06213","1"
"cust_07032","3"
"cust_07420","3"
"cust_01107","1"
"cust_00450","3"
"cust_06289","0"
"cust_09966","3"
"cust_00135","0"
"cust_01785","1"
"cust_03404","0"
"cust_02906","0"
"cust_08304","1"
"cust_07492","0"
"cust_06100","3"
"cust_04504","3"
"cust_05053","2"
"cust_05205","5"
"cust_04080","4"
"cust_06918","1"
"cust_06802","2"
"cust_05206","2"
"cust_00532","0"
"cust_04830","4"
"cust_04038","2"
"cust_04084","2"
"cust_03204","1"
"cust_07110","0"
"cust_00330","4"
"cust_04957","2"
"cust_03033","1"
"cust_07684","2"
"cust_01597","4"
"cust_09919","3"
"cust_03597","2"
"cust_09038","3"
"cust_08001","0"
"cust_00590","2"
"cust_00647","1"
"cust_09102","3"
"cust_08015","4"
"cust_03771","2"
"cust_09039","3"
"cust_05082","4"
"cust_07882","2"
"cust_09362","4"
"cust_04210","4"
"cust_08834","0"
"cust_08699","5"
"cust_01795","2"
"cust_02586","2"
"cust_08355","3"
"cust_02316","2"
"cust_04185","2"
"cust_08827","1"
"cust_07072","2"
"cust_05234","4"
"cust_08743","2"
"cust_08670","2"
"cust_04768","1"
"cust_09972","1"
"cust_07144","5"
"cust_02913","1"
"cust_09871","2"
"cust_09893","1"
"cust_02075","2"
"cust_04302","3"
"cust_05822","5"
"cust_02149","1"
"cust_00144","0"
"cust_04963","2"
"cust_08159","2"
"cust_09030","5"
"cust_04775","2"
"cust_08933","3"
"cust_07749","2"
"cust_09828","0"
"cust_09214","4"
"cust_06060","0"
"cust_09475","4"
"cust_06409","1"
"cust_03317","2"
"cust_07464","4"
"cust_03061","3"
"cust_01355","1"
"cust_04514","1"
"cust_05505","1"
"cust_05250","2"
"cust_04511","1"
"cust_01730","1"
"cust_01758","0"
"cust_06650","2"
"cust_06646","1"
"cust_09860","0"
"cust_04139","1"
"cust_09393","1"
"cust_05123","0"
"cust_00000","3"
"cust_01864","3"
"cust_00543","4"
"cust_00349","3"
"cust_06906","0"
"cust_09765","4"
"cust_02523","3"
"cust_03464","2"
"cust_00457","3"
"cust_03023","2"
"cust_07261","3"
"cust_09515","3"
"cust_07872","4"
"cust_06625","5"
"cust_02534","1"
"cust_00131","0"
"cust_03704","3"
"cust_01372","2"
"cust_06200","1"
"cust_04856","3"
"cust_04712","2"
"cust_05544","2"
"cust_01413","0"
"cust_04113","0"
"cust_00655","2"
"cust_08137","0"
"cust_04098","2"
"cust_00592","5"
"cust_08708","2"
"cust_03123","0"
"cust_03047","3"
"cust_03887","2"
"cust_05735","0"
"cust_02184","2"
"cust_02145","2"
"cust_07047","2"
"cust_03105","2"
"cust_09233","3"
"cust_09096","2"
"cust_02769","0"
"cust_05221","5"
"cust_05833","3"
"cust_01732","4"
"cust_00265","1"
"cust_05144","3"
"cust_08267","5"
"cust_03937","0"
"cust_00761","4"
"cust_07220","3"
"cust_08439","1"
"cust_03257","2"
"cust_04338","2"
"cust_04362","4"
"cust_00316","2"
"cust_08069","0"
"cust_01851","0"
"cust_02484","3"
"cust_09873","2"
"cust_09574","2"
"cust_01078","2"
"cust_08358","1"
"cust_07333","1"
"cust_01071","3"
"cust_00103","4"
"cust_05748","1"
"cust_01418","4"
"cust_01658","4"
"cust_05284","2"
"cust_01149","3"
"cust_07150","2"
"cust_01568","3"
"cust_01087","3"
"cust_06085","4"
"cust_08674","1"
"cust_08341","4"
"cust_07811","1"
"cust_06084","1"
"cust_08773","3"
"cust_08757","4"
"cust_01692","0"
"cust_04734","2"
"cust_03387","3"
"cust_03646","3"
"cust_01683","2"
"cust_00008","5"
"cust_06062","3"
"cust_06516","3"
"cust_04123","5"
"cust_08729","2"
"cust_06045","0"
"cust_00567","1"
"cust_09161","5"
"cust_01803","3"
"cust_08501","3"
"cust_04900","5"
"cust_01599","2"
"cust_07931","2"
"cust_09547","2"
"cust_02823","3"
"cust_05467","1"
"cust_03529","4"
"cust_08683","3"
"cust_01155","1"
"cust_06547","0"
"cust_09088","0"
"cust_07620","2"
"cust_08296","2"
"cust_04540","0"
"cust_09134","1"
"cust_06482","2"
"cust_05826","2"
"cust_01190","2"
"cust_07444","5"
"cust_08520","0"
"cust_00960","3"
"cust_07454","3"
"cust_00036","3"
"cust_07516","3"
"cust_07644","2"
"cust_04438","3"
"cust_06161","1"
"cust_07744","1"
"cust_09587","2"
"cust_08119","0"
"cust_06967","4"
"cust_05718","0"
"cust_00577","2"
"cust_09833","1"
"cust_04102","2"
"cust_07646","4"
"cust_04151","1"
"cust_03130","3"
"cust_04890","1"
"cust_09975","5"
"cust_07471","3"
"cust_01833","0"
"cust_09148","1"
"cust_04891","4"
"cust_02287","3"
"cust_01330","1"
"cust_02771","3"
"cust_03686","3"
"cust_08283","2"
"cust_05928","4"
"cust_00637","3"
"cust_00047","2"
"cust_02602","3"
"cust_01965","2"
"cust_02168","2"
"cust_05049","2"
"cust_03334","3"
"cust_03019","0"
"cust_08764","2"
"cust_09176","1"
"cust_01360","1"
"cust_05798","2"
"cust_09400","4"
"cust_03251","3"
"cust_06300","1"
"cust_02251","2"
"cust_06027","2"
"cust_01175","1"
"cust_08799","3"
"cust_03279","3"
"cust_02973","1"
"cust_03396","0"
"cust_06939","4"
"cust_00965","2"
"cust_08574","2"
"cust_00742","5"
"cust_07514","5"
"cust_03314","1"
"cust_04898","2"
"cust_09340","4"
"cust_04672","3"
"cust_08618","1"
"cust_01217","3"
"cust_04397","1"
"cust_06080","0"
"cust_02614","3"
"cust_02620","2"
"cust_08714","1"
"cust_07282","3"
"cust_03379","1"
"cust_07301","5"
"cust_09857","3"
"cust_05605","3"
"cust_09813","4"
"cust_05786","4"
"cust_08518","1"
"cust_06850","0"
"cust_01516","1"
"cust_05098","2"
"cust_07636","4"
"cust_09085","2"
"cust_08023","2"
"cust_02392","3"
"cust_00586","0"
"cust_03519","2"
"cust_07653","3"
"cust_08946","1"
"cust_00850","4"
"cust_00335","4"
"cust_06634","3"
"cust_08972","4"
"cust_07493","1"
"cust_02868","2"
"cust_04872","3"
"cust_03550","5"
"cust_03842","1"
"cust_07262","0"
"cust_05824","4"
"cust_00023","0"
"cust_01453","3"
"cust_01684","4"
"cust_02310","2"
"cust_09063","1"
"cust_09406","0"
"cust_00381","0"
"cust_05814","1"
"cust_05550","5"
"cust_09308","2"
"cust_01618","3"
"cust_00789","2"
"cust_05983","5"
"cust_08672","3"
"cust_04475","1"
"cust_05606","0"
"cust_09312","3"
"cust_05648","0"
"cust_06216","1"
"cust_02286","1"
"cust_09993","3"
"cust_07578","2"
"cust_01183","3"
"cust_06001","0"
"cust_05090","5"
"cust_02516","1"
"cust_04122","2"
"cust_05521","3"
"cust_05627","0"
"cust_08360","2"
"cust_05872","2"
"cust_08612","3"
"cust_07727","1"
"cust_05968","4"
"cust_01180","2"
"cust_08762","4"
"cust_08235","3"
"cust_02818","0"
"cust_09964","2"
"cust_08703","0"
"cust_06608","4"
"cust_02820","2"
"cust_07535","1"
"cust_02260","2"
"cust_02239","0"
"cust_06021","3"
"cust_00782","3"
"cust_00932","0"
"cust_06202","3"
"cust_02412","2"
"cust_06997","1"
"cust_09115","5"
"cust_01156","4"
"cust_08107","3"
"cust_05805","4"
"cust_04879","1"
"cust_03309","2"
"cust_08961","3"
"cust_01702","1"
"cust_02492","2"
"cust_03706","0"
"cust_08276","2"
"cust_00286","2"
"cust_01608","2"
"cust_06631","4"
"cust_08278","3"
"cust_07315","1"
"cust_02252","3"
"cust_07415","3"
"cust_08365","2"
"cust_01891","1"
"cust_05062","1"
"cust_06120","1"
"cust_00563","1"
"cust_00291","3"
"cust_04716","1"
"cust_07708","2"
"cust_06349","3"
"cust_00169","2"
"cust_00267","3"
"cust_04638","3"
"cust_07077","0"
"cust_03355","1"
"cust_08279","3"
"cust_00315","0"
"cust_06728","3"
"cust_09495","2"
"cust_04067","3"
"cust_00245","5"
"cust_00252","2"
"cust_01111","2"
"cust_04801","0"
"cust_01713","5"
"cust_00050","2"
"cust_01835","0"
"cust_07896","2"
"cust_03383","4"
"cust_06410","2"
"cust_04313","1"
"cust_00872","1"
"cust_01254","4"
"cust_08881","4"
"cust_05851","3"
"cust_05702","2"
"cust_08103","3"
"cust_02098","5"
"cust_05128","5"
"cust_00248","1"
"cust_06561","1"
"cust_01339","2"
"cust_07017","3"
"cust_02110","4"
"cust_01569","0"
"cust_01726","3"
"cust_08384","1"
"cust_06940","2"
"cust_04395","1"
"cust_02420","1"
"cust_03045","2"
"cust_05503","2"
"cust_03703","2"
"cust_08191","2"
"cust_05331","5"
"cust_09808","1"
"cust_00447","2"
"cust_07894","2"
"cust_08728","3"
"cust_07828","4"
"cust_01768","2"
"cust_06808","3"
"cust_04704","1"
"cust_03869","3"
"cust_01655","0"
"cust_03187","1"
"cust_00683","3"
"cust_04170","4"
"cust_04477","2"
"cust_00461","2"
"cust_05764","0"
"cust_07522","2"
"cust_04502","1"
"cust_09709","0"
"cust_00318","3"
"cust_01145","3"
"cust_05094","3"
"cust_01393","1"
"cust_06623","2"
"cust_01501","5"
"cust_06408","1"
"cust_00376","5"
"cust_00410","4"
"cust_01660","5"
"cust_03151","0"
"cust_01623","0"
"cust_05609","4"
"cust_08532","4"
"cust_05802","0"
"cust_05306","2"
"cust_07086","2"
"cust_08897","3"
"cust_07488","0"
"cust_09615","0"
"cust_09217","0"
"cust_01672","1"
"cust_02358","3"
"cust_08467","1"
"cust_00274","1"
"cust_02473","3"
"cust_05489","0"
"cust_04771","2"
"cust_02107","5"
"cust_07500","3"
"cust_04414","2"
"cust_08138","3"
"cust_08660","4"
"cust_08239","3"
"cust_02417","2"
"cust_08771","2"
"cust_02236","1"
"cust_03767","2"
"cust_09791","2"
"cust_09989","3"
"cust_09965","4"
"cust_07323","5"
"cust_01383","0"
"cust_03101","0"
"cust_03921","5"
"cust_06685","5"
"cust_03194","2"
"cust_01941","3"
"cust_07713","3"
"cust_04896","1"
"cust_04782","0"
"cust_01496","1"
"cust_01957","3"
"cust_09171","3"
"cust_09745","3"
"cust_07332","4"
"cust_07949","2"
"cust_03017","3"
"cust_06746","2"
"cust_00513","1"
"cust_03934","3"
"cust_03025","0"
"cust_01199","0"
"cust_05028","2"
"cust_09784","1"
"cust_00921","3"
"cust_04649","3"
"cust_05332","1"
"cust_01076","0"
"cust_06768","0"
"cust_09410","2"
"cust_01671","4"
"cust_00474","1"
"cust_09186","1"
"cust_08839","3"
"cust_05758","1"
"cust_06297","1"
"cust_02478","2"
"cust_05493","1"
"cust_03914","5"
"cust_02138","0"
"cust_05454","0"
"cust_05379","3"
"cust_08985","2"
"cust_04023","2"
"cust_03485","4"
"cust_02455","3"
"cust_02464","3"
"cust_08696","2"
"cust_01369","3"
"cust_06688","3"
"cust_07456","2"
"cust_09974","5"
"cust_01901","1"
"cust_04871","2"
"cust_04710","2"
"cust_07886","3"
"cust_01793","3"
"cust_02874","4"
"cust_06217","4"
"cust_05213","2"
"cust_02245","4"
"cust_01741","1"
"cust_01020","1"
"cust_00705","3"
"cust_04294","3"
"cust_05576","3"
"cust_07166","2"
"cust_08177","3"
"cust_00908","0"
"cust_05193","2"
"cust_03077","2"
"cust_09366","2"
"cust_00594","1"
"cust_05304","3"
"cust_00440","1"
"cust_07606","3"
"cust_04092","2"
"cust_06134","4"
"cust_00010","3"
"cust_03776","2"
"cust_08999","0"
"cust_03708","3"
"cust_03780","2"
"cust_00093","1"
"cust_09239","2"
"cust_03949","2"
"cust_05785","0"
"cust_04870","3"
"cust_04802","4"
"cust_04867","2"
"cust_00292","3"
"cust_07888","1"
"cust_07405","1"
"cust_05595","4"
"cust_02886","2"
"cust_06454","4"
"cust_02542","1"
"cust_01765","1"
"cust_06800","1"
"cust_01877","5"
"cust_01981","4"
"cust_09729","1"
"cust_09608","2"
"cust_02685","5"
"cust_08930","0"
"cust_03458","0"
"cust_04541","0"
"cust_02178","1"
"cust_04450","2"
"cust_03859","5"
"cust_07623","2"
"cust_07654","4"
"cust_04519","3"
"cust_02517","2"
"cust_04836","3"
"cust_02885","0"
"cust_07281","0"
"cust_06255","2"
"cust_04539","1"
"cust_05639","3"
"cust_09459","2"
"cust_03481","1"
"cust_01277","3"
"cust_03146","1"
"cust_08262","3"
"cust_03205","0"
"cust_09892","0"
"cust_02742","1"
"cust_06076","2"
"cust_04047","4"
"cust_05731","3"
"cust_02945","2"
"cust_05790","0"
"cust_06794","3"
"cust_06543","3"
"cust_00700","2"
"cust_03574","2"
"cust_07699","2"
"cust_02515","2"
"cust_03000","3"
"cust_05820","3"
"cust_08581","1"
"cust_03684","1"
"cust_02995","0"
"cust_04252","2"
"cust_03411","3"
"cust_07962","3"
"cust_06309","3"
"cust_08611","0"
"cust_05012","1"
"cust_07750","5"
"cust_05979","2"
"cust_04048","1"
"cust_04899","2"
"cust_01318","4"
"cust_09772","5"
"cust_09137","3"
"cust_07142","3"
"cust_01897","4"
"cust_07465","1"
"cust_00603","4"
"cust_02846","3"
"cust_08207","2"
"cust_00393","3"
"cust_04436","3"
"cust_09447","3"
"cust_07234","2"
"cust_05398","2"
"cust_00095","3"
"cust_01662","2"
"cust_08970","0"
"cust_05130","1"
"cust_01488","2"
"cust_08316","3"
"cust_02707","0"
"cust_01595","5"
"cust_09277","5"
"cust_02377","3"
"cust_05140","0"
"cust_06147","4"
"cust_08241","1"
"cust_03948","2"
"cust_03933","3"
"cust_04797","3"
"cust_04372","4"
"cust_09862","3"
"cust_08242","3"
"cust_03448","3"
"cust_02943","2"
"cust_02465","2"
"cust_08582","5"
"cust_05506","1"
"cust_02698","5"
"cust_02447","0"
"cust_00019","0"
"cust_02748","1"
"cust_05399","3"
"cust_08078","3"
"cust_06871","3"
"cust_04708","3"
"cust_09476","2"
"cust_00809","1"
"cust_07477","1"
"cust_02273","3"
"cust_01923","3"
"cust_01470","4"
"cust_07934","2"
"cust_07407","3"
"cust_02406","3"
"cust_01142","1"
"cust_01747","4"
"cust_05709","3"
"cust_04975","1"
"cust_07300","2"
"cust_08148","3"
"cust_02833","4"
"cust_03131","2"
"cust_01310","2"
"cust_08650","2"
"cust_06774","0"
"cust_06756","3"
"cust_00620","1"
"cust_02701","3"
"cust_02199","1"
"cust_06196","2"
"cust_08824","3"
"cust_01046","1"
"cust_05768","0"
"cust_09947","0"
"cust_09019","1"
"cust_00743","1"
"cust_00222","1"
"cust_03149","3"
"cust_00625","2"
"cust_09334","3"
"cust_07566","5"
"cust_04582","3"
"cust_05711","1"
"cust_03284","2"
"cust_07585","5"
"cust_09646","4"
"cust_01530","3"
"cust_09685","0"
"cust_00353","4"
"cust_02474","2"
"cust_08013","3"
"cust_06475","1"
"cust_06449","3"
"cust_00239","4"
"cust_02625","4"
"cust_09786","0"
"cust_07198","1"
"cust_07692","3"
"cust_02997","3"
"cust_06440","2"
"cust_04562","2"
"cust_08614","0"
"cust_01479","3"
"cust_01018","4"
"cust_03094","2"
"cust_06182","1"
"cust_04960","0"
"cust_08492","3"
"cust_01103","0"
"cust_06081","3"
"cust_09525","2"
"cust_05190","2"
"cust_04181","3"
"cust_04467","0"
"cust_01626","3"
"cust_06717","2"
"cust_03798","1"
"cust_03053","1"
"cust_02867","3"
"cust_01432","2"
"cust_07983","1"
"cust_09346","4"
"cust_09419","2"
"cust_04076","4"
"cust_00217","2"
"cust_03555","2"
"cust_07936","5"
"cust_08421","4"
"cust_01034","3"
"cust_03773","1"
"cust_04132","0"
"cust_02335","4"
"cust_06492","1"
"cust_01482","3"
"cust_00906","2"
"cust_06088","2"
"cust_06466","1"
"cust_05676","1"
"cust_02770","5"
"cust_01805","1"
"cust_07374","5"
"cust_02114","1"
"cust_04534","1"
"cust_02531","2"
"cust_08525","3"
"cust_03470","0"
"cust_01402","0"
"cust_00852","0"
"cust_03082","2"
"cust_08024","0"
"cust_07565","2"
"cust_05529","1"
"cust_07854","2"
"cust_04932","2"
"cust_05159","4"
"cust_09715","2"
"cust_03846","3"
"cust_06483","2"
"cust_00747","3"
"cust_03034","4"
"cust_00347","3"
"cust_03351","3"
"cust_02864","3"
"cust_02167","2"
"cust_06954","4"
"cust_06209","1"
"cust_02777","5"
"cust_01441","1"
"cust_05657","4"
"cust_09657","3"
"cust_03027","4"
"cust_06117","3"
"cust_02483","0"
"cust_02882","2"
"cust_05561","2"
"cust_00763","1"
"cust_06481","3"
"cust_01616","1"
"cust_01222","4"
"cust_08664","3"
"cust_06221","0"
"cust_01576","0"
"cust_09391","2"
"cust_06350","0"
"cust_03782","3"
"cust_04374","2"
"cust_00708","2"
"cust_00509","1"
"cust_02954","1"
"cust_07537","1"
"cust_06338","3"
"cust_08922","4"
"cust_07063","4"
"cust_07162","2"
"cust_07371","1"
"cust_06828","3"
"cust_03615","4"
"cust_04656","0"
"cust_06975","3"
"cust_04350","2"
"cust_00711","0"
"cust_06478","5"
"cust_09129","1"
"cust_08204","4"
"cust_09203","1"
"cust_00712","3"
"cust_09112","1"
"cust_01245","4"
"cust_09785","5"
"cust_06848","0"
"cust_05133","3"
"cust_00715","2"
"cust_03463","1"
"cust_04394","4"
"cust_04568","0"
"cust_08803","1"
"cust_08489","2"
"cust_07701","3"
"cust_00212","5"
"cust_09767","2"
"cust_06838","4"
"cust_01010","3"
"cust_00323","0"
"cust_05396","3"
"cust_05990","5"
"cust_03172","3"
"cust_00334","2"
"cust_08305","1"
"cust_02210","4"
"cust_04271","4"
"cust_06740","2"
"cust_00233","3"
"cust_05950","3"
"cust_05737","1"
"cust_07921","5"
"cust_02348","4"
"cust_02036","4"
"cust_07484","3"
"cust_06006","3"
"cust_04553","3"
"cust_08072","3"
"cust_01458","3"
"cust_03288","2"
"cust_03064","3"
"cust_09436","3"
"cust_00774","0"
"cust_06832","1"
"cust_00871","1"
"cust_08749","2"
"cust_01263","1"
"cust_04833","3"
"cust_03894","3"
"cust_06323","3"
"cust_09212","3"
"cust_07019","1"
"cust_01220","3"
"cust_01446","1"
"cust_03184","1"
"cust_00408","5"
"cust_04344","0"
"cust_03021","2"
"cust_02303","5"
"cust_06271","2"
"cust_08280","1"
"cust_06641","0"
"cust_06955","2"
"cust_02109","1"
"cust_05351","5"
"cust_09683","3"
"cust_08343","5"
"cust_04549","2"
"cust_01880","2"
"cust_05945","3"
"cust_01737","1"
"cust_07793","0"
"cust_05212","2"
"cust_03208","1"
"cust_07082","0"
"cust_02055","1"
"cust_01688","3"
"cust_04779","3"
"cust_07475","4"
"cust_07876","2"
"cust_06749","5"
"cust_08555","1"
"cust_08122","2"
"cust_06990","4"
"cust_08266","4"
"cust_08539","3"
"cust_03392","4"
"cust_06325","5"
"cust_03528","3"
"cust_04604","3"
"cust_07023","3"
"cust_06321","0"
"cust_00745","4"
"cust_00710","3"
"cust_00379","2"
"cust_08782","2"
"cust_03011","2"
"cust_08858","0"
"cust_07152","2"
"cust_08566","3"
"cust_03497","4"
"cust_03889","5"
"cust_04484","1"
"cust_04011","4"
"cust_02619","3"
"cust_06670","4"
"cust_06512","5"
"cust_03467","2"
"cust_01313","3"
"cust_08605","1"
"cust_02069","2"
"cust_02982","3"
"cust_05914","1"
"cust_09170","3"
"cust_01285","2"
"cust_08990","3"
"cust_08429","2"
"cust_01349","4"
"cust_02611","2"
"cust_09494","5"
"cust_03668","4"
"cust_02221","2"
"cust_00427","3"
"cust_00653","3"
"cust_09913","3"
"cust_03535","3"
"cust_07736","2"
"cust_03245","3"
"cust_04740","2"
"cust_09068","0"
"cust_04099","1"
"cust_04100","2"
"cust_06959","3"
"cust_00611","5"
"cust_04288","2"
"cust_08570","0"
"cust_09712","4"
"cust_01543","4"
"cust_09535","1"
"cust_03853","2"
"cust_00554","3"
"cust_06365","1"
"cust_00511","2"
"cust_03206","3"
"cust_08084","1"
"cust_00967","4"
"cust_06043","2"
"cust_06879","2"
"cust_06775","3"
"cust_03295","2"
"cust_08701","3"
"cust_03429","2"
"cust_08870","3"
"cust_06962","2"
"cust_02088","2"
"cust_08499","4"
"cust_06162","4"
"cust_03210","3"
"cust_09200","1"
"cust_06605","1"
"cust_01109","1"
"cust_05728","1"
"cust_07829","3"
"cust_01038","3"
"cust_01194","1"
"cust_04474","0"
"cust_09874","3"
"cust_02122","3"
"cust_04982","0"
"cust_08973","1"
"cust_05700","0"
"cust_00934","2"
"cust_06101","1"
"cust_04689","2"
"cust_00394","5"
"cust_04685","4"
"cust_08776","4"
"cust_09165","5"
"cust_05980","0"
"cust_09942","5"
"cust_02191","2"
"cust_01297","4"
"cust_05044","5"
"cust_01162","1"
"cust_04254","3"
"cust_06372","1"
"cust_01527","2"
"cust_04342","1"
"cust_02030","0"
"cust_03060","4"
"cust_00058","0"
"cust_02405","0"
"cust_05006","2"
"cust_06157","4"
"cust_07375","1"
"cust_04506","1"
"cust_05214","3"
"cust_06029","2"
"cust_01780","2"
"cust_05447","2"
"cust_04606","0"
"cust_06914","3"
"cust_00676","1"
"cust_03582","3"
"cust_03653","5"
"cust_07920","3"
"cust_09499","3"
"cust_02732","2"
"cust_04787","4"
"cust_02754","2"
"cust_02337","3"
"cust_03643","1"
"cust_07737","3"
"cust_05516","3"
"cust_05246","2"
"cust_00866","0"
"cust_04447","1"
"cust_05071","2"
"cust_04881","3"
"cust_09510","3"
"cust_03002","2"
"cust_02225","3"
"cust_09056","0"
"cust_04826","1"
"cust_07621","0"
"cust_09689","2"
"cust_05500","0"
"cust_09700","3"
"cust_08478","3"
"cust_05502","4"
"cust_01210","5"
"cust_09083","0"
"cust_02288","4"
"cust_02183","1"
"cust_02862","2"
"cust_06861","3"
"cust_02362","3"
"cust_08463","1"
"cust_06332","2"
"cust_04064","5"
"cust_09546","3"
"cust_00617","1"
"cust_03281","3"
"cust_05226","3"
"cust_03397","3"
"cust_03065","2"
"cust_00766","2"
"cust_07078","3"
"cust_05279","2"
"cust_04149","3"
"cust_01144","4"
"cust_04248","2"
"cust_04110","0"
"cust_00462","2"
"cust_02932","2"
"cust_04623","5"
"cust_03813","1"
"cust_06308","0"
"cust_04341","0"
"cust_05300","0"
"cust_06804","3"
"cust_03282","3"
"cust_02574","3"
"cust_07961","2"
"cust_07879","4"
"cust_00828","2"
"cust_06486","4"
"cust_07599","5"
"cust_02540","2"
"cust_05746","5"
"cust_08526","1"
"cust_09566","2"
"cust_03742","1"
"cust_07498","5"
"cust_03524","4"
"cust_00020","2"
"cust_01915","1"
"cust_06571","1"
"cust_09018","3"
"cust_02012","3"
"cust_05405","3"
"cust_01295","1"
"cust_03745","1"
"cust_00591","1"
"cust_01406","2"
"cust_00221","2"
"cust_05617","3"
"cust_06248","1"
"cust_04418","2"
"cust_00858","3"
"cust_01783","1"
"cust_07259","5"
"cust_06856","1"
"cust_01954","1"
"cust_01746","2"
"cust_03132","2"
"cust_08036","1"
"cust_08850","5"
"cust_00994","1"
"cust_06108","0"
"cust_00730","3"
"cust_06974","2"
"cust_06273","2"
"cust_06751","0"
"cust_03509","2"
"cust_03533","1"
"cust_02513","3"
"cust_05436","0"
"cust_03625","4"
"cust_00465","3"
"cust_06755","3"
"cust_06759","3"
"cust_07991","5"
"cust_00157","5"
"cust_03960","1"
"cust_08832","0"
"cust_05470","4"
"cust_00185","0"
"cust_01002","0"
"cust_09508","4"
"cust_05623","2"
"cust_00400","1"
"cust_06240","2"
"cust_08940","2"
"cust_09932","0"
"cust_07342","1"
"cust_09832","2"
"cust_08466","2"
"cust_08756","4"
"cust_07958","0"
"cust_01250","1"
"cust_03143","2"
"cust_07430","3"
"cust_00059","1"
"cust_07855","0"
"cust_01113","5"
"cust_03057","2"
"cust_09569","3"
"cust_01328","4"
"cust_04995","3"
"cust_06682","2"
"cust_02072","3"
"cust_04793","3"
"cust_06829","4"
"cust_09629","1"
"cust_08218","3"
"cust_07567","1"
"cust_05922","4"
"cust_01550","1"
"cust_01009","3"
"cust_03755","5"
"cust_08681","4"
"cust_09342","1"
"cust_08009","3"
"cust_03860","1"
"cust_03148","4"
"cust_02519","4"
"cust_03127","1"
"cust_09084","5"
"cust_05316","1"
"cust_01195","4"
"cust_09050","2"
"cust_00879","2"
"cust_06989","2"
"cust_02487","3"
"cust_02840","2"
"cust_04329","3"
"cust_02930","3"
"cust_06424","4"
"cust_02485","2"
"cust_05747","5"
"cust_00883","1"
"cust_04914","1"
"cust_06210","2"
"cust_09578","2"
"cust_00211","4"
"cust_02275","3"
"cust_02328","1"
"cust_04950","1"
"cust_03319","4"
"cust_09834","2"
"cust_04607","1"
"cust_01438","4"
"cust_00467","4"
"cust_05466","0"
"cust_03329","5"
"cust_05828","5"
"cust_08607","2"
"cust_00696","2"
"cust_07267","4"
"cust_09144","3"
"cust_08180","2"
"cust_09938","3"
"cust_01314","1"
"cust_02301","3"
"cust_02039","3"
"cust_07108","3"
"cust_03666","3"
"cust_00914","4"
"cust_00012","2"
"cust_08583","1"
"cust_06427","4"
"cust_01536","2"
"cust_00736","2"
"cust_08201","2"
"cust_08652","5"
"cust_00453","3"
"cust_04345","2"
"cust_00927","5"
"cust_06291","4"
"cust_08281","0"
"cust_08722","1"
"cust_06473","3"
"cust_00037","2"
"cust_05770","3"
"cust_02554","1"
"cust_07632","3"
"cust_09998","3"
"cust_06620","2"
"cust_00940","0"
"cust_07398","1"
"cust_06128","1"
"cust_09829","4"
"cust_02680","3"
"cust_04354","3"
"cust_03058","2"
"cust_07880","3"
"cust_00738","3"
"cust_00538","3"
"cust_03325","2"
"cust_04239","0"
"cust_01400","2"
"cust_04046","0"
"cust_05137","4"
"cust_04229","2"
"cust_04191","4"
"cust_09142","3"
"cust_05538","2"
"cust_02692","4"
"cust_05340","3"
"cust_09917","2"
"cust_07670","3"
"cust_09173","4"
"cust_01807","2"
"cust_05111","4"
"cust_03989","4"
"cust_03455","5"
"cust_02907","2"
"cust_06651","1"
"cust_08287","0"
"cust_06244","1"
"cust_02697","2"
"cust_04016","2"
"cust_04339","5"
"cust_04645","2"
"cust_07739","2"
"cust_07091","2"
"cust_04692","5"
"cust_01739","3"
"cust_05406","3"
"cust_04588","2"
"cust_03125","3"
"cust_02157","4"
"cust_05333","3"
"cust_08636","1"
"cust_01825","2"
"cust_04230","3"
"cust_03487","0"
"cust_09053","3"
"cust_09768","3"
"cust_03647","3"
"cust_05902","1"
"cust_06385","3"
"cust_05638","2"
"cust_06423","3"
"cust_07826","4"
"cust_07743","1"
"cust_03012","0"
"cust_07671","1"
"cust_09548","2"
"cust_09977","0"
"cust_03080","1"
"cust_03520","2"
"cust_04978","3"
"cust_07619","3"
"cust_04347","3"
"cust_08440","2"
"cust_01346","2"
"cust_07087","2"
"cust_08947","1"
"cust_05651","3"
"cust_08081","3"
"cust_01791","5"
"cust_07428","2"
"cust_09579","4"
"cust_09959","0"
"cust_02270","1"
"cust_09766","4"
"cust_02955","3"
"cust_03443","4"
"cust_07735","0"
"cust_00833","0"
"cust_06498","3"
"cust_02991","2"
"cust_07792","1"
"cust_02150","3"
"cust_04022","1"
"cust_07614","5"
"cust_06123","5"
"cust_03338","1"
"cust_04343","3"
"cust_04463","5"
"cust_02375","1"
"cust_09043","0"
"cust_05570","2"
"cust_08598","3"
"cust_08503","1"
"cust_08879","3"
"cust_01886","3"
"cust_01197","4"
"cust_06426","2"
"cust_08910","3"
"cust_02935","3"
"cust_06341","2"
"cust_01429","4"
"cust_06306","0"
"cust_03649","2"
"cust_01937","0"
"cust_05171","4"
"cust_07763","2"
"cust_06392","3"
"cust_01153","3"
"cust_06249","2"
"cust_07036","0"
"cust_04228","5"
"cust_04974","1"
"cust_06400","2"
"cust_03639","3"
"cust_03971","2"
"cust_09593","2"
"cust_03375","5"
"cust_02486","2"
"cust_06953","4"
"cust_00605","2"
"cust_07443","0"
"cust_05927","5"
"cust_02453","2"
"cust_03608","1"
"cust_01483","4"
"cust_04518","1"
"cust_03037","4"
"cust_09351","3"
"cust_07691","3"
"cust_04115","2"
"cust_01426","1"
"cust_00496","4"
"cust_03352","3"
"cust_08793","3"
"cust_00758","1"
"cust_00837","4"
"cust_04326","2"
"cust_02127","1"
"cust_01022","5"
"cust_08761","5"
"cust_05613","4"
"cust_05580","2"
"cust_01057","2"
"cust_09541","4"
"cust_06855","0"
"cust_07348","2"
"cust_09044","5"
"cust_02128","0"
"cust_02766","0"
"cust_02108","1"
"cust_03616","0"
"cust_01544","1"
"cust_06913","1"
"cust_01718","1"
"cust_07434","3"
"cust_07364","1"
"cust_06234","1"
"cust_00724","2"
"cust_06672","2"
"cust_08028","2"
"cust_05491","2"
"cust_01127","4"
"cust_02956","1"
"cust_05155","5"
"cust_04816","5"
"cust_06201","3"
"cust_06223","5"
"cust_08685","0"
"cust_07113","4"
"cust_05274","1"
"cust_08535","1"
"cust_03043","2"
"cust_06911","1"
"cust_00149","1"
"cust_07573","4"
"cust_04205","1"
"cust_05492","4"
"cust_02689","4"
"cust_04220","1"
"cust_09101","3"
"cust_00841","0"
"cust_08136","3"
"cust_06437","0"
"cust_09699","1"
"cust_06199","3"
"cust_02794","2"
"cust_07625","1"
"cust_08474","2"
"cust_07889","2"
"cust_06607","2"
"cust_09194","3"
"cust_08247","1"
"cust_01392","0"
"cust_01921","0"
"cust_07018","1"
"cust_03621","2"
"cust_04848","1"
"cust_02291","2"
"cust_02133","0"
"cust_00550","5"
"cust_01740","2"
"cust_05289","1"
"cust_01817","3"
"cust_04698","3"
"cust_05181","1"
"cust_03018","2"
"cust_00017","3"
"cust_01770","3"
"cust_01888","3"
"cust_02152","0"
"cust_01642","5"
"cust_07846","3"
"cust_04193","2"
"cust_09432","5"
"cust_08898","2"
"cust_00533","2"
"cust_00132","5"
"cust_07722","4"
"cust_08458","2"
"cust_00964","2"
"cust_08719","3"
"cust_06412","3"
"cust_08285","0"
"cust_07853","1"
"cust_01095","1"
"cust_06929","3"
"cust_09254","3"
"cust_01561","3"
"cust_01670","1"
"cust_06087","5"
"cust_06669","0"
"cust_05933","2"
"cust_08829","2"
"cust_07945","0"
"cust_03508","1"
"cust_02002","5"
"cust_05866","2"
"cust_00168","0"
"cust_02588","2"
"cust_05905","3"
"cust_09529","4"
"cust_06384","1"
"cust_07824","5"
"cust_09779","3"
"cust_04629","1"
"cust_08560","3"
"cust_09291","3"
"cust_06874","1"
"cust_06521","3"
"cust_08979","0"
"cust_06647","2"
"cust_09825","4"
"cust_00210","3"
"cust_05278","3"
"cust_01919","2"
"cust_00718","0"
"cust_04868","1"
"cust_07834","4"
"cust_01298","5"
"cust_09193","1"
"cust_04617","3"
"cust_03128","3"
"cust_09795","3"
"cust_03979","2"
"cust_09924","1"
"cust_08317","2"
"cust_04393","2"
"cust_01287","0"
"cust_04355","1"
"cust_07013","5"
"cust_03885","3"
"cust_05749","2"
"cust_09169","2"
"cust_02407","1"
"cust_02013","2"
"cust_05153","3"
"cust_08551","2"
"cust_04376","2"
"cust_08822","4"
"cust_04273","3"
"cust_05825","2"
"cust_06699","1"
"cust_07243","5"
"cust_00449","3"
"cust_02227","1"
"cust_05756","3"
"cust_00810","0"
"cust_04180","2"
"cust_09000","4"
"cust_05438","0"
"cust_07533","3"
"cust_06369","1"
"cust_08416","3"
"cust_01477","5"
"cust_01790","4"
"cust_02008","0"
"cust_00682","2"
"cust_02816","5"
"cust_09431","2"
"cust_03774","3"
"cust_06495","2"
"cust_08878","3"
"cust_07361","2"
"cust_08366","1"
"cust_07474","1"
"cust_00046","1"
"cust_00030","1"
"cust_08250","3"
"cust_06935","3"
"cust_01468","0"
"cust_01665","1"
"cust_01416","3"
"cust_06480","0"
"cust_04852","4"
"cust_02470","2"
"cust_04373","3"
"cust_08524","0"
"cust_00429","3"
"cust_05244","5"
"cust_02119","3"
"cust_00385","0"
"cust_01945","2"
"cust_04224","0"
"cust_00473","3"
"cust_02129","0"
"cust_06556","3"
"cust_06998","2"
"cust_01055","0"
"cust_03274","2"
"cust_04961","3"
"cust_05363","4"
"cust_05816","2"
"cust_00811","3"
"cust_04573","3"
"cust_06137","1"
"cust_02388","3"
"cust_09648","2"
"cust_06225","2"
"cust_00111","0"
"cust_08909","3"
"cust_01745","5"
"cust_07851","4"
"cust_01452","0"
"cust_00319","3"
"cust_08593","4"
"cust_03333","4"
"cust_01922","2"
"cust_05865","4"
"cust_09528","1"
"cust_03685","3"
"cust_04275","2"
"cust_04889","1"
"cust_05225","4"
"cust_07472","2"
"cust_03605","2"
"cust_01052","1"
"cust_04156","2"
"cust_09676","0"
"cust_00099","0"
"cust_07508","4"
"cust_01456","0"
"cust_07688","3"
"cust_04004","1"
"cust_06866","3"
"cust_04509","3"
"cust_03299","2"
"cust_03799","3"
"cust_04281","4"
"cust_09051","3"
"cust_06462","2"
"cust_07912","4"
"cust_01414","0"
"cust_00540","2"
"cust_05815","3"
"cust_08199","5"
"cust_03680","2"
"cust_00754","3"
"cust_04196","1"
"cust_02650","3"
"cust_04522","2"
"cust_09519","2"
"cust_03118","1"
"cust_03728","3"
"cust_03886","0"
"cust_07107","4"
"cust_08068","4"
"cust_07325","2"
"cust_08483","3"
"cust_08767","2"
"cust_06500","4"
"cust_08426","2"
"cust_07963","0"
"cust_00601","0"
"cust_09249","2"
"cust_08919","4"
"cust_06814","0"
"cust_05411","3"
"cust_08747","2"
"cust_05522","5"
"cust_01044","5"
"cust_07334","2"
"cust_01557","3"
"cust_03739","4"
"cust_03522","0"
"cust_00180","2"
"cust_02115","2"
"cust_01699","3"
"cust_01379","4"
"cust_07229","3"
"cust_09143","0"
"cust_00618","1"
"cust_03181","2"
"cust_09851","0"
"cust_01600","3"
"cust_05963","0"
"cust_01615","5"
"cust_05920","0"
"cust_09591","3"
"cust_03891","4"
"cust_02083","3"
"cust_04574","1"
"cust_05594","3"
"cust_05121","1"
"cust_04587","2"
"cust_04902","4"
"cust_08252","4"
"cust_05916","1"
"cust_05129","5"
"cust_08334","2"
"cust_01918","4"
"cust_08330","2"
"cust_05707","4"
"cust_05384","1"
"cust_06336","1"
"cust_02054","0"
"cust_07612","3"
"cust_09209","5"
"cust_03963","4"
"cust_01126","4"
"cust_03428","2"
"cust_04601","1"
"cust_03721","2"
"cust_02389","3"
"cust_01322","3"
"cust_01603","4"
"cust_07224","1"
"cust_07425","0"
"cust_04336","1"
"cust_05593","0"
"cust_04411","0"
"cust_05858","3"
"cust_09343","3"
"cust_03991","1"
"cust_06079","2"
"cust_01559","3"
"cust_04682","0"
"cust_07557","0"
"cust_03772","2"
"cust_08779","3"
"cust_03457","4"
"cust_08383","3"
"cust_01354","3"
"cust_00045","3"
"cust_09872","1"
"cust_00748","1"
"cust_07917","3"
"cust_04241","3"
"cust_05628","2"
"cust_04657","4"
"cust_04238","3"
"cust_03460","3"
"cust_07381","2"
"cust_05549","3"
"cust_07075","3"
"cust_05838","0"
"cust_08091","5"
"cust_05474","2"
"cust_03614","0"
"cust_07501","2"
"cust_07053","1"
"cust_07367","3"
"cust_08019","2"
"cust_09638","0"
"cust_09055","1"
"cust_00664","1"
"cust_02319","0"
"cust_03542","1"
"cust_03677","2"
"cust_09599","3"
"cust_03091","2"
"cust_00675","2"
"cust_08676","5"
"cust_04884","1"
"cust_08079","1"
"cust_01962","5"
"cust_01840","1"
"cust_07168","1"
"cust_09898","3"
"cust_03538","2"
"cust_08026","2"
"cust_04866","2"
"cust_04174","0"
"cust_08088","3"
"cust_04377","3"
"cust_06211","3"
"cust_04766","1"
"cust_00411","3"
"cust_00613","4"
"cust_06126","4"
"cust_05210","3"
"cust_01430","4"
"cust_02425","2"
"cust_08841","3"
"cust_03833","3"
"cust_04718","4"
"cust_07185","2"
"cust_01417","1"
"cust_07199","4"
"cust_00604","2"
"cust_01272","3"
"cust_03964","2"
"cust_06367","3"
"cust_08746","2"
"cust_00247","0"
"cust_09226","4"
"cust_01982","0"
"cust_02835","4"
"cust_05375","4"
"cust_00199","3"
"cust_00485","0"
"cust_06083","2"
"cust_08956","0"
"cust_00455","2"
"cust_09798","1"
"cust_08826","5"
"cust_06515","1"
"cust_01721","4"
"cust_07050","4"
"cust_06382","3"
"cust_08165","1"
"cust_05767","1"
"cust_05809","1"
"cust_04626","4"
"cust_00862","3"
"cust_02094","3"
"cust_00947","3"
"cust_05641","1"
"cust_01444","1"
"cust_01280","1"
"cust_03110","5"
"cust_08952","4"
"cust_07609","3"
"cust_05135","1"
"cust_03016","3"
"cust_02302","1"
"cust_02004","1"
"cust_04580","1"
"cust_08704","4"
"cust_01005","2"
"cust_05138","2"
"cust_04317","3"
"cust_06558","4"
"cust_04387","4"
"cust_02132","1"
"cust_04265","2"
"cust_02057","0"
"cust_05386","2"
"cust_00229","1"
"cust_02889","3"
"cust_04472","1"
"cust_06064","3"
"cust_07924","4"
"cust_07649","3"
"cust_08381","4"
"cust_00209","2"
"cust_02758","2"
"cust_08471","3"
"cust_02948","2"
"cust_07116","3"
"cust_06330","3"
"cust_01728","4"
"cust_04176","0"
"cust_00337","3"
"cust_04984","2"
"cust_06878","4"
"cust_07248","3"
"cust_08452","4"
"cust_01226","5"
"cust_07608","3"
"cust_06827","2"
"cust_03540","1"
"cust_05868","5"
"cust_02111","2"
"cust_02691","1"
"cust_07153","2"
"cust_03707","3"
"cust_01017","2"
"cust_08511","4"
"cust_02807","2"
"cust_05015","2"
"cust_01928","3"
"cust_00350","0"
"cust_05173","3"
"cust_04192","1"
"cust_01934","2"
"cust_06901","1"
"cust_04823","0"
"cust_00564","5"
"cust_01582","2"
"cust_04694","1"
"cust_02175","0"
"cust_07028","3"
"cust_04880","4"
"cust_02228","3"
"cust_01115","4"
"cust_03126","2"
"cust_03544","1"
"cust_05048","2"
"cust_07476","1"
"cust_00821","4"
"cust_06532","2"
"cust_02272","3"
"cust_05545","5"
"cust_00081","2"
"cust_01323","4"
"cust_09405","2"
"cust_01614","2"
"cust_00831","1"
"cust_03883","0"
"cust_08641","5"
"cust_04464","0"
"cust_05339","0"
"cust_08066","0"
"cust_01649","2"
"cust_04065","1"
"cust_09665","1"
"cust_03038","0"
"cust_03320","0"
"cust_07143","0"
"cust_06889","2"
"cust_05092","5"
"cust_03720","2"
"cust_02423","1"
"cust_00749","5"
"cust_05271","3"
"cust_02373","2"
"cust_04693","0"
"cust_09879","0"
"cust_08370","5"
"cust_07319","4"
"cust_04368","2"
"cust_06785","4"
"cust_07401","3"
"cust_01139","3"
"cust_07631","1"
"cust_02231","3"
"cust_02164","3"
"cust_05217","4"
"cust_09444","2"
"cust_09237","4"
"cust_04561","4"
"cust_01570","3"
"cust_00172","5"
"cust_07163","0"
"cust_02087","1"
"cust_04667","1"
"cust_04565","1"
"cust_07089","1"
"cust_06569","3"
"cust_04783","2"
"cust_02684","1"
"cust_01832","1"
"cust_08546","3"
"cust_05065","0"
"cust_09130","3"
"cust_09355","0"
"cust_04412","3"
"cust_07207","2"
"cust_09890","0"
"cust_00834","0"
"cust_06821","0"
"cust_03781","2"
"cust_09012","3"
"cust_07499","2"
"cust_03424","4"
"cust_00065","1"
"cust_02963","1"
"cust_05669","0"
"cust_08962","3"
"cust_00354","2"
"cust_08171","3"
"cust_04030","2"
"cust_08534","1"
"cust_03651","4"
"cust_06739","4"
"cust_03297","3"
"cust_04127","2"
"cust_08043","1"
"cust_04767","5"
"cust_00472","0"
"cust_03761","0"
"cust_08617","0"
"cust_03566","0"
"cust_02760","1"
"cust_00868","1"
"cust_09382","2"
"cust_08688","3"
"cust_04052","2"
"cust_06130","4"
"cust_03244","4"
"cust_04842","3"
"cust_09330","3"
"cust_05640","2"
"cust_05780","0"
"cust_08540","3"
"cust_01075","2"
"cust_02957","0"
"cust_06752","3"
"cust_08657","3"
"cust_07272","3"
"cust_04759","3"
"cust_04862","2"
"cust_07025","3"
"cust_07647","0"
"cust_07161","2"
"cust_00073","1"
"cust_04901","2"
"cust_04375","0"
"cust_06698","3"
"cust_09805","1"
"cust_01101","3"
"cust_09537","4"
"cust_07655","1"
"cust_05235","2"
"cust_05165","2"
"cust_00118","5"
"cust_02022","2"
"cust_09885","1"
"cust_02638","0"
"cust_02034","3"
"cust_02564","2"
"cust_08665","4"
"cust_03543","2"
"cust_01219","3"
"cust_09714","3"
"cust_06711","2"
"cust_02903","3"
"cust_03026","2"
"cust_02510","2"
"cust_04201","5"
"cust_03207","3"
"cust_04489","1"
"cust_02755","2"
"cust_08889","2"
"cust_00177","4"
"cust_01643","2"
"cust_09292","3"
"cust_03518","0"
"cust_01374","3"
"cust_01720","2"
"cust_03995","2"
"cust_03688","3"
"cust_02264","3"
"cust_00087","5"
"cust_02848","3"
"cust_08687","4"
"cust_00403","4"
"cust_09900","3"
"cust_04077","2"
"cust_06835","3"
"cust_06537","2"
"cust_02456","1"
"cust_02751","5"
"cust_02214","1"
"cust_01027","0"
"cust_09703","2"
"cust_01421","3"
"cust_02436","2"
"cust_04277","4"
"cust_09609","0"
"cust_01278","3"
"cust_06220","3"
"cust_04907","3"
"cust_05064","2"
"cust_01978","5"
"cust_01061","2"
"cust_05014","2"
"cust_04535","4"
"cust_06993","2"
"cust_09253","1"
"cust_01502","4"
"cust_08568","3"
"cust_09314","3"
"cust_08836","0"
"cust_08920","0"
"cust_04918","0"
"cust_00678","2"
"cust_05076","5"
"cust_08064","3"
"cust_07568","4"
"cust_00102","0"
"cust_00957","2"
"cust_08556","0"
"cust_03785","5"
"cust_09630","5"
"cust_07173","3"
"cust_04043","3"
"cust_02648","2"
"cust_06000","4"
"cust_07927","1"
"cust_02826","2"
"cust_04094","0"
"cust_07774","2"
"cust_09258","3"
"cust_08113","2"
"cust_04772","2"
"cust_01947","4"
"cust_06109","1"
"cust_02299","3"
"cust_07844","3"
"cust_04382","4"
"cust_05425","3"
"cust_06771","5"
"cust_08578","2"
"cust_04291","4"
"cust_00528","4"
"cust_01233","0"
"cust_00779","0"
"cust_05859","1"
"cust_03059","2"
"cust_08587","2"
"cust_01860","1"
"cust_08438","3"
"cust_07403","1"
"cust_04639","1"
"cust_04250","3"
"cust_01992","2"
"cust_07379","0"
"cust_07305","1"
"cust_05303","3"
"cust_08192","0"
"cust_07447","3"
"cust_02471","2"
"cust_07197","3"
"cust_05312","1"
"cust_09035","5"
"cust_01396","4"
"cust_04002","2"
"cust_05371","1"
"cust_03235","1"
"cust_01042","2"
"cust_03298","1"
"cust_07256","3"
"cust_00257","1"
"cust_07286","3"
"cust_08616","3"
"cust_07816","3"
"cust_05843","1"
"cust_02089","1"
"cust_07702","1"
"cust_00503","1"
"cust_05265","2"
"cust_08814","1"
"cust_01345","1"
"cust_08455","5"
"cust_05046","0"
"cust_02248","2"
"cust_04981","0"
"cust_00372","3"
"cust_08454","4"
"cust_03370","3"
"cust_02006","3"
"cust_03656","3"
"cust_08327","3"
"cust_07521","4"
"cust_04001","2"
"cust_06072","3"
"cust_08736","5"
"cust_00997","2"
"cust_08179","1"
"cust_03290","3"
"cust_01176","3"
"cust_00551","5"
"cust_00744","3"
"cust_07223","5"
"cust_04554","4"
"cust_02859","3"
"cust_08820","3"
"cust_03459","2"
"cust_02724","3"
"cust_06847","2"
"cust_07615","0"
"cust_07547","2"
"cust_09174","1"
"cust_06393","0"
"cust_05358","0"
"cust_09488","4"
"cust_02968","3"
"cust_00693","4"
"cust_02533","3"
"cust_06399","0"
"cust_00982","1"
"cust_05364","2"
"cust_00079","3"
"cust_04053","4"
"cust_06258","2"
"cust_09576","2"
"cust_09025","0"
"cust_03107","2"
"cust_03601","2"
"cust_06073","2"
"cust_08126","2"
"cust_02142","5"
"cust_06310","1"
"cust_02268","2"
"cust_00445","0"
"cust_04883","1"
"cust_04466","3"
"cust_09026","3"
"cust_06632","4"
"cust_03316","4"
"cust_01701","4"
"cust_02526","0"
"cust_00068","3"
"cust_01168","4"
"cust_00048","3"
"cust_01053","2"
"cust_04029","3"
"cust_00880","3"
"cust_02651","2"
"cust_07759","3"
"cust_02439","3"
"cust_04924","1"
"cust_01467","4"
"cust_07292","1"
"cust_05035","1"
"cust_02441","3"
"cust_06554","1"
"cust_00230","0"
"cust_01320","5"
"cust_00041","2"
"cust_00777","3"
"cust_08950","0"
"cust_08404","3"
"cust_01729","3"
"cust_03910","4"
"cust_00579","3"
"cust_09941","3"
"cust_05839","2"
"cust_08271","3"
"cust_07275","3"
"cust_01491","2"
"cust_09109","4"
"cust_05610","0"
"cust_00061","3"
"cust_05471","2"
"cust_03905","0"
"cust_06531","3"
"cust_00402","3"
"cust_00332","5"
"cust_02084","0"
"cust_09557","2"
"cust_00164","2"
"cust_04379","0"
"cust_02715","2"
"cust_08923","3"
"cust_07346","3"
"cust_05453","0"
"cust_07046","1"
"cust_01334","0"
"cust_08698","1"
"cust_01659","0"
"cust_03578","4"
"cust_00753","1"
"cust_06584","2"
"cust_00706","2"
"cust_03014","3"
"cust_08558","0"
"cust_09875","3"
"cust_09582","4"
"cust_08928","0"
"cust_09556","3"
"cust_08983","3"
"cust_01834","5"
"cust_02996","2"
"cust_05427","1"
"cust_03879","2"
"cust_07156","3"
"cust_05081","1"
"cust_09114","2"
"cust_07244","1"
"cust_05400","5"
"cust_05395","3"
"cust_09427","4"
"cust_02246","2"
"cust_00835","4"
"cust_08394","4"
"cust_09042","1"
"cust_00432","1"
"cust_03378","3"
"cust_06817","4"
"cust_08131","1"
"cust_09621","2"
"cust_06066","4"
"cust_01193","3"
"cust_06934","2"
"cust_05461","1"
"cust_03071","1"
"cust_03044","2"
"cust_03263","4"
"cust_02729","1"
"cust_03433","0"
"cust_00433","2"
"cust_03272","3"
"cust_07001","0"
"cust_09726","2"
"cust_00104","3"
"cust_03315","3"
"cust_01656","2"
"cust_01533","5"
"cust_04680","3"
"cust_08813","1"
"cust_09002","2"
"cust_06622","2"
"cust_01443","4"
"cust_00214","1"
"cust_05356","5"
"cust_09218","5"
"cust_06322","2"
"cust_04989","5"
"cust_01419","4"
"cust_09516","3"
"cust_08606","4"
"cust_00181","3"
"cust_04352","4"
"cust_08700","1"
"cust_02446","1"
"cust_05321","0"
"cust_08045","3"
"cust_05684","0"
"cust_03532","1"
"cust_08244","3"
"cust_07976","1"
"cust_03698","3"
"cust_00070","5"
"cust_00544","3"
"cust_01204","2"
"cust_03078","1"
"cust_09106","2"
"cust_09120","1"
"cust_09680","1"
"cust_06180","4"
"cust_08329","5"
"cust_04284","2"
"cust_04007","2"
"cust_08713","3"
"cust_00877","1"
"cust_08060","3"
"cust_00196","4"
"cust_09746","1"
"cust_04010","0"
"cust_09962","3"
"cust_02571","2"
"cust_03753","0"
"cust_09247","0"
"cust_08628","2"
"cust_09368","1"
"cust_06159","2"
"cust_04791","3"
"cust_05337","0"
"cust_03024","1"
"cust_02718","5"
"cust_08655","4"
"cust_06916","3"
"cust_03984","2"
"cust_07308","3"
"cust_05953","3"
"cust_03844","3"
"cust_02682","2"
"cust_04024","1"
"cust_08715","2"
"cust_03139","2"
"cust_04237","0"
"cust_00218","1"
"cust_06618","5"
"cust_09606","3"
"cust_05268","3"
"cust_02543","2"
"cust_02870","2"
"cust_01244","3"
"cust_00420","4"
"cust_06227","1"
"cust_02058","3"
"cust_08493","3"
"cust_06434","0"
"cust_03422","4"
"cust_04510","3"
"cust_01166","2"
"cust_00254","0"
"cust_00415","2"
"cust_09175","3"
"cust_03469","1"
"cust_03050","2"
"cust_00759","1"
"cust_01385","0"
"cust_00654","2"
"cust_01201","1"
"cust_02413","3"
"cust_05579","0"
"cust_05993","2"
"cust_05294","0"
"cust_03055","0"
"cust_02830","0"
"cust_02970","3"
"cust_00328","0"
"cust_04270","2"
"cust_05994","5"
"cust_04392","5"
"cust_02063","2"
"cust_08301","3"
"cust_09013","3"
"cust_09329","2"
"cust_05169","2"
"cust_04429","3"
"cust_01281","2"
"cust_03381","3"
"cust_02636","3"
"cust_03328","0"
"cust_06436","2"
"cust_05018","1"
"cust_07324","2"
"cust_03795","4"
"cust_02663","3"
"cust_08282","3"
"cust_01282","4"
"cust_04148","2"
"cust_01362","3"
"cust_01437","4"
"cust_09628","5"
"cust_03441","3"
"cust_00056","3"
"cust_04597","4"
"cust_08479","0"
"cust_05365","5"
"cust_01844","2"
"cust_05515","2"
"cust_08573","5"
"cust_06263","2"
"cust_02880","1"
"cust_01743","3"
"cust_08398","2"
"cust_04169","3"
"cust_05197","0"
"cust_08993","3"
"cust_00740","1"
"cust_09066","3"
"cust_01624","1"
"cust_00524","4"
"cust_07999","3"
"cust_04419","3"
"cust_05426","2"
"cust_06689","0"
"cust_07382","2"
"cust_00435","1"
"cust_02960","1"
"cust_00308","1"
"cust_01565","3"
"cust_02631","2"
"cust_05597","2"
"cust_09477","0"
"cust_00401","2"
"cust_03826","0"
"cust_00881","4"
"cust_03997","2"
"cust_07118","4"
"cust_03265","3"
"cust_08406","1"
"cust_05009","2"
"cust_05736","3"
"cust_05554","3"
"cust_00288","1"
"cust_05564","3"
"cust_08324","0"
"cust_02623","3"
"cust_08859","1"
"cust_00476","2"
"cust_08591","0"
"cust_09713","3"
"cust_06522","1"
"cust_03111","0"
"cust_09470","5"
"cust_00737","5"
"cust_03133","1"
"cust_08047","4"
"cust_06551","2"
"cust_05407","1"
"cust_05563","4"
"cust_05328","2"
"cust_06718","3"
"cust_05118","3"
"cust_04619","3"
"cust_03689","1"
"cust_07716","4"
"cust_01839","2"
"cust_01995","0"
"cust_02399","0"
"cust_06510","1"
"cust_09356","4"
"cust_04119","4"
"cust_05894","0"
"cust_00800","1"
"cust_08423","0"
"cust_07680","1"
"cust_01405","3"
"cust_05431","1"
"cust_00069","2"
"cust_09543","1"
"cust_02759","3"
"cust_08294","3"
"cust_01586","3"
"cust_06666","3"
"cust_08014","0"
"cust_01074","0"
"cust_03063","1"
"cust_06487","3"
"cust_04705","1"
"cust_09069","2"
"cust_02603","3"
"cust_07738","2"
"cust_01579","3"
"cust_05058","3"
"cust_05753","2"
"cust_03548","1"
"cust_00409","3"
"cust_04097","4"
"cust_06461","2"
"cust_05601","2"
"cust_05231","4"
"cust_03777","4"
"cust_02726","5"
"cust_00477","4"
"cust_01329","4"
"cust_04035","2"
"cust_09642","3"
"cust_01777","3"
"cust_06096","1"
"cust_00751","2"
"cust_05792","3"
"cust_04060","1"
"cust_09041","1"
"cust_06030","3"
"cust_05898","3"
"cust_09338","0"
"cust_09160","3"
"cust_09996","4"
"cust_05151","2"
"cust_00468","5"
"cust_01545","3"
"cust_06311","4"
"cust_02683","3"
"cust_08966","2"
"cust_06181","2"
"cust_01025","3"
"cust_05112","0"
"cust_08562","1"
"cust_05368","1"
"cust_02354","2"
"cust_07278","4"
"cust_03602","0"
"cust_00773","3"
"cust_06773","0"
"cust_08809","3"
"cust_03382","3"
"cust_00641","4"
"cust_04233","0"
"cust_03815","2"
"cust_04104","3"
"cust_09925","0"
"cust_01108","4"
"cust_03527","0"
"cust_03495","4"
"cust_01420","5"
"cust_06923","4"
"cust_03881","1"
"cust_08353","3"
"cust_06245","3"
"cust_04938","0"
"cust_06798","0"
"cust_07812","5"
"cust_01680","1"
"cust_06715","1"
"cust_00633","3"
"cust_02569","3"
"cust_07359","5"
"cust_02166","4"
"cust_08169","3"
"cust_08845","3"
"cust_02825","4"
"cust_04087","4"
"cust_06243","3"
"cust_08364","5"
"cust_03941","2"
"cust_09179","3"
"cust_08075","3"
"cust_09195","1"
"cust_04128","0"
"cust_01172","0"
"cust_08668","1"
"cust_04222","1"
"cust_04834","0"
"cust_02576","2"
"cust_01989","2"
"cust_06973","2"
"cust_05836","2"
"cust_04532","2"
"cust_03209","3"
"cust_03855","0"
"cust_02628","3"
"cust_07803","0"
"cust_01410","3"
"cust_08257","2"
"cust_07386","3"
"cust_04303","5"
"cust_06750","3"
"cust_06555","4"
"cust_00815","3"
"cust_02404","2"
"cust_05397","0"
"cust_09956","2"
"cust_02131","3"
"cust_01797","0"
"cust_03090","1"
"cust_04184","0"
"cust_04564","5"
"cust_05030","2"
"cust_08048","2"
"cust_00122","3"
"cust_00179","2"
"cust_09250","4"
"cust_08095","1"
"cust_06429","5"
"cust_09737","4"
"cust_04992","4"
"cust_01157","3"
"cust_09003","4"
"cust_01532","5"
"cust_08992","4"
"cust_07859","3"
"cust_09110","2"
"cust_01535","3"
"cust_09259","2"
"cust_05517","0"
"cust_02605","0"
"cust_06127","5"
"cust_09141","1"
"cust_07458","2"
"cust_02177","4"
"cust_07990","2"
"cust_02351","1"
"cust_09177","3"
"cust_03502","4"
"cust_02134","1"
"cust_01480","1"
"cust_02793","3"
"cust_04843","2"
"cust_09780","3"
"cust_09934","2"
"cust_04762","2"
"cust_07191","2"
"cust_06041","0"
"cust_09636","2"
"cust_03445","2"
"cust_08149","3"
"cust_07765","4"
"cust_03620","5"
"cust_01952","3"
"cust_00555","1"
"cust_04264","4"
"cust_01163","2"
"cust_01584","2"
"cust_06151","2"
"cust_09720","3"
"cust_05837","5"
"cust_05261","1"
"cust_05239","0"
"cust_07913","1"
"cust_09162","3"
"cust_01598","1"
"cust_07182","0"
"cust_00300","1"
"cust_09660","3"
"cust_06947","3"
"cust_03794","5"
"cust_04572","1"
"cust_04335","1"
"cust_02858","3"
"cust_05694","2"
"cust_03142","3"
"cust_01359","0"
"cust_04533","0"
"cust_09749","1"
"cust_05687","1"
"cust_00486","2"
"cust_07836","3"
"cust_09554","1"
"cust_05900","1"
"cust_08116","2"
"cust_07362","2"
"cust_01152","3"
"cust_05382","5"
"cust_09741","0"
"cust_05424","3"
"cust_08807","1"
"cust_05186","1"
"cust_08409","0"
"cust_06189","4"
"cust_09702","3"
"cust_08269","3"
"cust_05314","3"
"cust_09903","3"
"cust_00665","5"
"cust_03353","1"
"cust_08851","3"
"cust_08061","3"
"cust_00642","2"
"cust_09242","2"
"cust_00176","3"
"cust_06431","2"
"cust_09910","2"
"cust_03438","5"
"cust_00786","5"
"cust_06391","3"
"cust_09065","4"
"cust_09927","2"
"cust_03202","2"
"cust_04803","4"
"cust_07835","3"
"cust_07940","4"
"cust_00091","3"
"cust_05762","4"
"cust_09027","0"
"cust_09504","4"
"cust_08237","2"
"cust_01971","3"
"cust_02905","1"
"cust_00530","5"
"cust_03635","1"
"cust_00996","3"
"cust_05852","3"
"cust_04226","5"
"cust_05616","1"
"cust_02312","0"
"cust_02154","4"
"cust_05317","2"
"cust_01427","1"
"cust_08630","5"
"cust_06032","1"
"cust_04415","1"
"cust_08818","3"
"cust_03085","0"
"cust_07798","0"
"cust_09153","2"
"cust_08209","0"
"cust_09573","2"
"cust_09534","5"
"cust_00495","1"
"cust_03749","2"
"cust_02321","5"
"cust_04267","3"
"cust_03405","1"
"cust_00151","3"
"cust_07369","1"
"cust_00694","4"
"cust_04417","3"
"cust_05697","5"
"cust_01738","1"
"cust_03001","3"
"cust_00167","1"
"cust_06111","0"
"cust_04622","2"
"cust_02865","2"
"cust_08544","1"
"cust_04702","2"
"cust_02883","2"
"cust_03031","5"
"cust_08183","2"
"cust_08980","5"
"cust_08528","2"
"cust_05681","1"
"cust_07209","5"
"cust_05991","3"
"cust_02276","4"
"cust_07132","5"
"cust_05705","2"
"cust_07998","4"
"cust_05292","5"
"cust_04304","3"
"cust_07445","3"
"cust_00428","2"
"cust_07068","3"
"cust_06364","2"
"cust_04215","1"
"cust_00426","4"
"cust_02223","4"
"cust_00100","1"
"cust_09244","2"
"cust_03307","1"
"cust_02762","4"
"cust_05857","2"
"cust_04738","5"
"cust_07092","5"
"cust_09632","3"
"cust_03286","0"
"cust_07712","4"
"cust_07868","4"
"cust_06067","0"
"cust_09235","0"
"cust_03577","3"
"cust_01465","0"
"cust_07675","1"
"cust_02234","2"
"cust_01744","0"
"cust_09754","1"
"cust_06094","3"
"cust_08781","2"
"cust_09401","4"
"cust_08371","1"
"cust_05027","0"
"cust_09234","3"
"cust_03944","1"
"cust_06862","4"
"cust_05350","3"
"cust_09422","4"
"cust_02121","1"
"cust_04972","4"
"cust_08576","3"
"cust_03784","2"
"cust_06872","1"
"cust_00916","2"
"cust_09394","2"
"cust_07252","0"
"cust_08012","4"
"cust_05821","3"
"cust_04403","2"
"cust_04863","3"
"cust_08515","3"
"cust_05422","1"
"cust_07733","2"
"cust_01203","2"
"cust_03768","1"
"cust_05357","3"
"cust_03852","2"
"cust_01926","1"
"cust_03114","3"
"cust_02641","0"
"cust_07639","1"
"cust_07360","4"
"cust_08182","3"
"cust_07610","3"
"cust_02728","3"
"cust_09597","1"
"cust_04985","2"
"cust_06846","4"
"cust_07698","0"
"cust_04012","2"
"cust_02626","0"
"cust_07238","1"
"cust_08255","5"
"cust_09565","2"
"cust_00805","5"
"cust_04634","1"
"cust_05247","3"
"cust_05566","4"
"cust_05739","4"
"cust_05143","2"
"cust_08265","0"
"cust_04459","2"
"cust_01242","5"
"cust_06945","5"
"cust_05740","1"
"cust_05325","1"
"cust_00547","1"
"cust_03022","5"
"cust_05761","2"
"cust_04031","4"
"cust_00026","2"
"cust_04952","1"
"cust_05152","3"
"cust_02508","3"
"cust_01433","2"
"cust_02582","2"
"cust_01302","5"
"cust_05812","2"
"cust_07349","4"
"cust_05281","4"
"cust_06114","2"
"cust_01221","4"
"cust_07435","5"
"cust_02548","1"
"cust_00750","4"
"cust_00437","3"
"cust_04371","3"
"cust_04448","3"
"cust_02847","3"
"cust_01173","0"
"cust_07495","1"
"cust_02699","1"
"cust_09888","3"
"cust_09506","1"
"cust_06395","1"
"cust_02481","3"
"cust_05456","2"
"cust_08444","2"
"cust_02706","3"
"cust_04661","5"
"cust_00326","0"
"cust_01039","3"
"cust_02637","2"
"cust_05022","1"
"cust_02499","3"
"cust_01004","1"
"cust_02861","2"
"cust_03233","3"
"cust_01870","3"
"cust_04245","3"
"cust_06927","0"
"cust_08385","1"
"cust_00534","3"
"cust_09827","4"
"cust_07148","3"
"cust_07365","0"
"cust_00585","2"
"cust_09914","5"
"cust_03035","1"
"cust_04428","2"
"cust_04089","3"
"cust_01703","4"
"cust_04295","1"
"cust_05719","5"
"cust_00491","2"
"cust_06899","5"
"cust_04353","0"
"cust_02836","2"
"cust_02266","3"
"cust_07718","3"
"cust_09523","3"
"cust_08022","5"
"cust_04707","5"
"cust_09843","1"
"cust_02900","1"
"cust_09618","1"
"cust_02944","5"
"cust_01916","1"
"cust_03185","2"
"cust_08626","0"
"cust_09434","4"
"cust_07255","3"
"cust_04246","1"
"cust_08615","0"
"cust_05146","3"
"cust_08565","4"
"cust_02518","1"
"cust_00397","5"
"cust_01317","1"
"cust_04560","3"
"cust_00121","1"
"cust_02449","2"
"cust_08855","1"
"cust_08108","2"
"cust_01566","4"
"cust_01984","2"
"cust_04333","1"
"cust_07910","2"
"cust_09286","3"
"cust_03918","3"
"cust_02173","3"
"cust_03283","3"
"cust_08495","2"
"cust_08584","2"
"cust_02333","3"
"cust_00573","4"
"cust_03660","0"
"cust_09075","4"
"cust_00981","3"
"cust_09370","1"
"cust_01407","2"
"cust_00535","3"
"cust_04315","2"
"cust_04598","2"
"cust_08622","1"
"cust_08758","4"
"cust_01434","3"
"cust_06994","4"
"cust_02579","4"
"cust_09403","3"
"cust_03269","2"
"cust_09553","0"
"cust_03838","5"
"cust_01867","2"
"cust_01454","3"
"cust_01786","0"
"cust_09912","4"
"cust_07095","5"
"cust_02521","1"
"cust_04439","1"
"cust_01820","5"
"cust_05615","0"
"cust_02929","3"
"cust_00051","2"
"cust_04726","0"
"cust_05716","3"
"cust_05465","2"
"cust_00469","3"
"cust_02629","3"
"cust_06513","2"
"cust_07467","0"
"cust_03945","2"
"cust_06204","3"
"cust_04262","2"
"cust_01858","1"
"cust_09532","2"
"cust_00865","3"
"cust_06390","2"
"cust_07212","2"
"cust_04921","5"
"cust_08101","2"
"cust_04792","4"
"cust_08854","4"
"cust_06250","0"
"cust_05936","3"
"cust_00425","4"
"cust_00188","2"
"cust_05629","2"
"cust_04359","0"
"cust_00228","2"
"cust_07757","2"
"cust_07677","3"
"cust_02741","4"
"cust_01041","1"
"cust_04075","3"
"cust_09140","4"
"cust_06118","2"
"cust_06902","0"
"cust_00471","3"
"cust_02921","1"
"cust_01905","1"
"cust_08876","0"
"cust_00801","4"
"cust_01487","1"
"cust_08441","4"
"cust_00227","3"
"cust_07890","2"
"cust_01128","3"
"cust_05070","3"
"cust_09166","3"
"cust_02208","3"
"cust_07993","5"
"cust_09842","2"
"cust_06559","1"
"cust_09921","2"
"cust_03153","5"
"cust_04441","3"
"cust_07505","5"
"cust_08957","2"
"cust_06215","2"
"cust_09598","1"
"cust_02144","2"
"cust_07411","3"
"cust_08929","2"
"cust_02374","1"
"cust_02577","1"
"cust_01632","1"
"cust_04832","1"
"cust_02298","1"
"cust_05033","5"
"cust_00156","0"
"cust_08046","0"
"cust_06706","0"
"cust_03349","0"
"cust_02879","3"
"cust_03413","0"
"cust_07768","3"
"cust_04189","5"
"cust_09610","2"
"cust_09734","3"
"cust_07251","3"
"cust_07613","5"
"cust_06919","1"
"cust_09681","2"
"cust_09671","3"
"cust_04794","4"
"cust_05654","4"
"cust_02495","1"
"cust_07304","3"
"cust_02372","4"
"cust_04091","0"
"cust_09471","1"
"cust_03461","1"
"cust_07006","4"
"cust_05391","5"
"cust_07172","3"
"cust_05696","0"
"cust_05664","5"
"cust_04503","1"
"cust_02550","3"
"cust_04715","1"
"cust_00847","2"
"cust_03344","1"
"cust_00938","3"
"cust_04825","4"
"cust_09693","1"
"cust_08863","1"
"cust_08610","3"
"cust_05354","3"
"cust_05477","2"
"cust_09723","1"
"cust_00756","4"
"cust_04750","4"
"cust_02644","1"
"cust_04162","4"
"cust_08648","3"
"cust_03165","3"
"cust_06497","1"
"cust_05987","2"
"cust_03873","1"
"cust_07751","1"
"cust_06523","2"
"cust_03418","5"
"cust_09904","1"
"cust_02061","2"
"cust_00549","4"
"cust_04453","5"
"cust_02812","0"
"cust_08777","3"
"cust_08995","3"
"cust_02549","2"
"cust_06069","0"
"cust_03169","2"
"cust_07054","2"
"cust_04828","2"
"cust_09570","0"
"cust_01259","3"
"cust_08712","0"
"cust_03661","2"
"cust_07922","1"
"cust_01024","0"
"cust_04965","2"
"cust_00752","0"
"cust_03942","2"
"cust_03710","4"
"cust_09960","1"
"cust_01951","2"
"cust_06314","3"
"cust_00351","3"
"cust_01511","0"
"cust_04829","1"
"cust_09616","0"
"cust_03746","2"
"cust_05799","1"
"cust_00701","3"
"cust_03693","5"
"cust_04614","2"
"cust_07213","5"
"cust_00561","4"
"cust_02318","4"
"cust_03098","2"
"cust_04838","4"
"cust_03150","2"
"cust_05608","3"
"cust_04299","2"
"cust_04618","4"
"cust_04074","4"
"cust_03994","4"
"cust_06373","5"
"cust_06167","0"
"cust_01047","3"
"cust_02939","2"
"cust_01808","1"
"cust_03166","3"
"cust_00414","4"
"cust_01340","3"
"cust_09371","5"
"cust_07740","1"
"cust_05060","0"
"cust_04633","5"
"cust_04609","0"
"cust_07366","1"
"cust_01469","4"
"cust_01710","1"
"cust_06270","3"
"cust_08732","4"
"cust_02271","5"
"cust_01583","2"
"cust_01412","3"
"cust_04111","2"
"cust_07652","3"
"cust_06693","1"
"cust_01722","3"
"cust_02024","1"
"cust_02212","0"
"cust_01507","3"
"cust_02622","0"
"cust_05290","2"
"cust_09128","1"
"cust_01321","4"
"cust_00842","0"
"cust_01146","2"
"cust_03624","5"
"cust_04280","0"
"cust_09010","1"
"cust_08986","0"
"cust_04681","4"
"cust_00463","2"
"cust_01754","2"
"cust_03936","4"
"cust_07933","3"
"cust_09460","3"
"cust_04401","3"
"cust_04700","1"
"cust_08991","1"
"cust_00378","2"
"cust_03106","3"
"cust_08215","0"
"cust_01335","3"
"cust_01223","3"
"cust_03848","4"
"cust_02716","4"
"cust_06837","0"
"cust_02952","2"
"cust_01350","1"
"cust_01082","3"
"cust_06453","2"
"cust_01811","3"
"cust_04121","3"
"cust_01351","2"
"cust_07817","2"
"cust_08796","1"
"cust_01894","1"
"cust_06639","3"
"cust_00565","3"
"cust_03903","1"
"cust_07100","2"
"cust_03673","2"
"cust_04366","2"
"cust_07545","0"
"cust_01212","0"
"cust_01189","1"
"cust_03955","2"
"cust_00898","3"
"cust_04786","5"
"cust_08092","0"
"cust_04602","0"
"cust_08896","0"
"cust_03454","4"
"cust_03609","5"
"cust_08157","1"
"cust_08765","2"
"cust_09677","3"
"cust_07572","1"
"cust_03909","3"
"cust_04028","3"
"cust_03931","0"
"cust_02332","0"
"cust_07302","0"
"cust_02262","1"
"cust_09260","1"
"cust_05781","2"
"cust_02595","4"
"cust_07200","3"
"cust_03593","1"
"cust_05216","0"
"cust_01030","0"
"cust_07433","3"
"cust_07877","1"
"cust_08823","4"
"cust_08236","3"
"cust_05733","2"
"cust_05378","3"
"cust_07762","3"
"cust_01755","2"
"cust_07355","2"
"cust_04161","2"
"cust_00231","1"
"cust_08104","3"
"cust_00110","3"
"cust_05457","2"
"cust_06708","2"
"cust_02514","1"
"cust_05961","4"
"cust_04279","0"
"cust_04720","4"
"cust_02917","3"
"cust_09390","0"
"cust_02992","3"
"cust_02317","5"
"cust_04847","5"
"cust_04292","2"
"cust_06991","4"
"cust_01515","3"
"cust_00216","3"
"cust_09213","1"
"cust_09061","1"
"cust_08417","2"
"cust_02263","2"
"cust_05326","2"
"cust_06840","2"
"cust_08498","3"
"cust_06010","4"
"cust_00893","3"
"cust_01490","0"
"cust_03003","1"
"cust_01850","2"
"cust_05199","2"
"cust_06380","2"
"cust_00324","1"
"cust_01215","1"
"cust_02899","3"
"cust_02933","3"
"cust_03658","2"
"cust_08678","4"
"cust_06673","4"
"cust_07972","2"
"cust_08586","0"
"cust_06169","3"
"cust_09724","3"
"cust_01129","3"
"cust_08856","0"
"cust_02918","2"
"cust_03902","2"
"cust_07947","4"
"cust_09097","2"
"cust_03827","5"
"cust_04923","0"
"cust_00208","2"
"cust_03254","0"
"cust_02795","5"
"cust_05106","0"
"cust_09011","3"
"cust_00798","3"
"cust_09105","3"
"cust_00734","3"
"cust_02244","5"
"cust_00178","3"
"cust_05830","1"
"cust_07008","2"
"cust_01174","5"
"cust_06642","3"
"cust_05848","4"
"cust_01831","1"
"cust_07995","3"
"cust_09279","0"
"cust_07897","2"
"cust_08597","1"
"cust_08522","4"
"cust_00198","4"
"cust_07928","3"
"cust_07076","0"
"cust_09284","0"
"cust_01097","2"
"cust_00548","5"
"cust_06908","3"
"cust_08229","1"
"cust_04706","3"
"cust_06912","2"
"cust_03369","0"
"cust_07583","2"
"cust_02532","4"
"cust_04055","0"
"cust_02314","5"
"cust_06653","5"
"cust_06885","1"
"cust_05937","1"
"cust_02815","3"
"cust_03437","1"
"cust_03880","5"
"cust_04157","2"
"cust_00066","3"
"cust_07866","1"
"cust_00616","2"
"cust_01118","3"
"cust_03260","3"
"cust_03401","0"
"cust_03692","0"
"cust_00937","3"
"cust_06604","2"
"cust_02572","3"
"cust_07536","4"
"cust_06324","0"
"cust_00622","3"
"cust_01681","4"
"cust_02126","2"
"cust_00787","2"
"cust_03332","0"
"cust_07236","1"
"cust_01092","2"
"cust_09103","2"
"cust_05020","3"
"cust_09353","2"
"cust_05944","3"
"cust_03280","3"
"cust_08186","1"
"cust_02201","2"
"cust_01160","4"
"cust_05581","0"
"cust_03592","3"
"cust_03952","3"
"cust_09691","2"
"cust_06247","3"
"cust_04153","2"
"cust_00478","2"
"cust_01352","2"
"cust_04309","0"
"cust_05698","2"
"cust_02647","5"
"cust_08460","1"
"cust_08198","2"
"cust_07689","2"
"cust_09257","2"
"cust_02589","3"
"cust_01033","2"
"cust_04686","3"
"cust_05011","2"
"cust_02598","1"
"cust_05819","3"
"cust_04608","3"
"cust_08470","4"
"cust_09040","4"
"cust_07450","2"
"cust_04671","1"
"cust_05583","5"
"cust_03717","4"
"cust_09327","2"
"cust_03928","2"
"cust_03617","4"
"cust_01425","2"
"cust_09378","3"
"cust_02919","3"
"cust_03819","2"
"cust_01871","3"
"cust_05487","2"
"cust_00480","3"
"cust_05972","3"
"cust_09600","1"
"cust_02888","1"
"cust_06686","1"
"cust_06315","5"
"cust_00527","4"
"cust_04129","0"
"cust_00722","2"
"cust_05120","0"
"cust_04722","4"
"cust_00220","2"
"cust_09188","3"
"cust_01935","2"
"cust_00344","4"
"cust_08332","5"
"cust_09674","5"
"cust_04483","3"
"cust_09706","0"
"cust_08486","1"
"cust_09216","3"
"cust_06903","4"
"cust_09154","0"
"cust_05960","2"
"cust_07034","1"
"cust_06051","2"
"cust_02391","3"
"cust_07181","1"
"cust_04328","0"
"cust_06452","1"
"cust_01983","3"
"cust_08246","4"
"cust_01554","5"
"cust_04850","1"
"cust_09095","4"
"cust_09922","2"
"cust_07532","2"
"cust_06853","4"
"cust_04641","5"
"cust_02881","2"
"cust_01677","1"
"cust_04885","1"
"cust_01964","2"
"cust_00901","3"
"cust_07130","5"
"cust_03068","2"
"cust_02296","1"
"cust_06237","3"
"cust_05862","0"
"cust_00296","3"
"cust_08778","1"
"cust_00057","3"
"cust_07242","3"
"cust_04385","3"
"cust_02984","4"
"cust_00027","3"
"cust_04407","1"
"cust_09877","0"
"cust_02676","0"
"cust_08545","3"
"cust_05262","0"
"cust_05841","4"
"cust_07021","3"
"cust_03248","2"
"cust_05667","4"
"cust_03884","2"
"cust_07663","3"
"cust_00295","4"
"cust_03161","4"
"cust_02580","4"
"cust_03870","1"
"cust_09210","3"
"cust_04404","2"
"cust_06952","5"
"cust_00648","3"
"cust_01370","3"
"cust_09855","3"
"cust_06992","3"
"cust_05532","3"
"cust_09620","4"
"cust_05708","1"
"cust_04209","5"
"cust_00681","2"
"cust_00434","0"
"cust_09309","4"
"cust_04824","4"
"cust_09761","3"
"cust_03159","1"
"cust_01489","3"
"cust_02987","0"
"cust_00812","1"
"cust_01882","3"
"cust_09267","5"
"cust_04936","4"
"cust_09935","4"
"cust_01940","2"
"cust_03296","3"
"cust_03534","1"
"cust_04525","3"
"cust_03729","1"
"cust_07015","1"
"cust_01612","2"
"cust_01181","3"
"cust_01375","1"
"cust_09224","3"
"cust_03946","4"
"cust_07210","0"
"cust_05211","2"
"cust_00063","1"
"cust_00626","2"
"cust_04421","2"
"cust_01669","5"
"cust_02112","1"
"cust_05804","1"
"cust_09763","2"
"cust_04032","2"
"cust_06545","5"
"cust_07948","2"
"cust_00084","1"
"cust_09180","1"
"cust_01462","5"
"cust_02283","0"
"cust_02887","1"
"cust_05834","1"
"cust_00684","1"
"cust_04469","3"
"cust_00418","2"
"cust_05228","2"
"cust_04253","1"
"cust_02709","3"
"cust_02357","2"
"cust_08059","3"
"cust_01366","3"
"cust_06277","1"
"cust_03916","0"
"cust_00293","2"
"cust_02639","1"
"cust_09458","1"
"cust_01506","3"
"cust_09037","0"
"cust_07393","3"
"cust_01634","1"
"cust_02457","3"
"cust_09891","3"
"cust_05558","3"
"cust_09751","3"
"cust_02300","2"
"cust_04537","2"
"cust_02938","1"
"cust_01563","2"
"cust_05689","0"
"cust_08658","0"
"cust_07517","4"
"cust_01979","4"
"cust_01883","3"
"cust_03803","4"
"cust_00438","3"
"cust_04635","2"
"cust_04528","2"
"cust_04332","3"
"cust_03573","1"
"cust_08741","0"
"cust_08911","1"
"cust_04817","4"
"cust_06435","2"
"cust_02986","5"
"cust_07838","2"
"cust_00704","5"
"cust_02280","2"
"cust_08734","0"
"cust_04147","0"
"cust_05412","5"
"cust_00373","1"
"cust_06405","0"
"cust_09223","5"
"cust_02585","1"
"cust_01332","5"
"cust_09572","4"
"cust_05282","4"
"cust_09131","2"
"cust_08315","4"
"cust_09809","2"
"cust_01784","2"
"cust_03182","0"
"cust_00494","3"
"cust_07363","0"
"cust_02860","3"
"cust_07929","1"
"cust_04041","2"
"cust_07178","2"
"cust_02897","1"
"cust_00366","1"
"cust_00849","5"
"cust_07440","2"
"cust_09454","5"
"cust_04301","1"
"cust_02653","2"
"cust_03503","0"
"cust_01541","3"
"cust_04165","1"
"cust_08866","1"
"cust_00322","3"
"cust_02031","2"
"cust_00813","3"
"cust_08939","3"
"cust_09375","2"
"cust_01079","3"
"cust_02226","2"
"cust_09136","3"
"cust_09531","1"
"cust_02705","3"
"cust_06824","3"
"cust_07556","5"
"cust_01164","3"
"cust_03261","0"
"cust_04687","0"
"cust_01450","0"
"cust_03862","3"
"cust_06103","1"
"cust_09215","3"
"cust_07120","2"
"cust_06398","3"
"cust_09588","2"
"cust_06214","4"
"cust_09645","2"
"cust_05336","0"
"cust_04056","4"
"cust_09511","3"
"cust_02999","3"
"cust_09024","4"
"cust_01231","1"
"cust_01514","2"
"cust_02313","3"
"cust_01451","5"
"cust_05267","2"
"cust_06131","5"
"cust_08531","4"
"cust_06464","2"
"cust_00838","3"
"cust_09915","3"
"cust_08261","3"
"cust_06414","1"
"cust_08504","0"
"cust_03567","2"
"cust_09264","1"
"cust_03087","3"
"cust_08643","3"
"cust_01714","1"
"cust_00339","4"
"cust_09563","3"
"cust_05942","1"
"cust_09869","5"
"cust_08102","0"
"cust_08488","3"
"cust_00588","3"
"cust_03365","3"
"cust_02670","3"
"cust_03589","4"
"cust_00034","3"
"cust_00028","3"
"cust_08553","1"
"cust_08117","1"
"cust_02170","4"
"cust_08377","1"
"cust_05620","3"
"cust_00889","1"
"cust_06489","4"
"cust_03322","2"
"cust_09396","2"
"cust_03514","1"
"cust_04420","2"
"cust_08351","3"
"cust_05361","4"
"cust_03733","2"
"cust_09463","2"
"cust_07081","0"
"cust_01654","5"
"cust_05032","1"
"cust_00223","4"
"cust_08625","1"
"cust_06194","1"
"cust_01590","3"
"cust_05982","4"
"cust_03256","1"
"cust_06680","3"
"cust_04770","3"
"cust_02181","1"
"cust_06803","1"
"cust_04913","2"
"cust_06786","3"
"cust_04789","2"
"cust_01209","1"
"cust_00421","2"
"cust_08740","2"
"cust_01706","4"
"cust_01158","2"
"cust_02306","1"
"cust_00273","3"
"cust_00171","5"
"cust_03956","4"
"cust_06696","3"
"cust_03188","1"
"cust_08132","4"
"cust_04808","2"
"cust_08083","3"
"cust_01564","4"
"cust_01782","3"
"cust_00843","1"
"cust_09345","1"
"cust_04461","2"
"cust_00904","3"
"cust_05911","5"
"cust_09950","2"
"cust_09297","0"
"cust_01547","0"
"cust_02080","0"
"cust_09881","3"
"cust_03985","3"
"cust_06389","3"
"cust_07579","1"
"cust_09245","4"
"cust_06567","1"
"cust_08206","4"
"cust_03820","0"
"cust_02646","2"
"cust_04454","1"
"cust_07159","5"
"cust_08221","1"
"cust_08596","3"
"cust_09589","3"
"cust_06071","0"
"cust_02155","1"
"cust_06712","3"
"cust_03715","3"
"cust_04057","1"
"cust_05952","2"
"cust_03102","3"
"cust_00558","1"
"cust_04610","0"
"cust_06978","1"
"cust_01436","5"
"cust_00507","3"
"cust_01869","2"
"cust_00755","2"
"cust_05419","2"
"cust_04050","1"
"cust_08089","4"
"cust_03836","3"
"cust_02118","1"
"cust_06152","5"
"cust_07808","2"
"cust_00501","2"
"cust_06259","4"
"cust_09743","2"
"cust_01539","2"
"cust_06141","3"
"cust_01211","3"
"cust_09122","4"
"cust_00672","4"
"cust_03377","2"
"cust_08783","0"
"cust_01464","0"
"cust_01192","1"
"cust_06984","3"
"cust_01872","3"
"cust_03590","2"
"cust_06726","1"
"cust_00505","0"
"cust_08118","3"
"cust_00506","2"
"cust_09449","2"
"cust_07131","3"
"cust_04807","0"
"cust_07303","0"
"cust_01773","4"
"cust_06854","0"
"cust_04906","4"
"cust_00797","5"
"cust_08785","4"
"cust_07070","2"
"cust_02829","5"
"cust_09319","0"
"cust_08737","2"
"cust_00312","1"
"cust_00746","4"
"cust_03569","3"
"cust_00790","1"
"cust_02476","3"
"cust_09325","4"
"cust_02570","0"
"cust_05286","2"
"cust_05215","1"
"cust_02163","4"
"cust_06577","0"
"cust_08449","2"
"cust_00380","3"
"cust_08508","1"
"cust_01292","3"
"cust_01912","0"
"cust_00599","0"
"cust_03892","4"
"cust_04141","2"
"cust_01652","4"
"cust_05224","2"
"cust_01893","2"
"cust_01944","5"
"cust_03395","0"
"cust_05479","1"
"cust_09769","3"
"cust_00375","4"
"cust_01966","4"
"cust_03957","1"
"cust_07135","3"
"cust_07478","1"
"cust_04505","2"
"cust_09580","2"
"cust_05288","1"
"cust_01471","0"
"cust_03346","1"
"cust_06253","2"
"cust_02853","1"
"cust_08988","0"
"cust_09775","0"
"cust_06459","3"
"cust_04062","3"
"cust_05863","3"
"cust_04306","2"
"cust_04877","4"
"cust_07249","1"
"cust_05273","1"
"cust_03990","0"
"cust_01049","1"
"cust_06175","2"
"cust_06926","3"
"cust_07864","1"
"cust_02035","1"
"cust_04039","2"
"cust_06875","3"
"cust_09354","2"
"cust_01972","2"
"cust_05072","3"
"cust_02099","2"
"cust_01499","2"
"cust_09612","4"
"cust_00652","3"
"cust_00170","3"
"cust_04085","4"
"cust_00242","2"
"cust_05710","2"
"cust_06972","5"
"cust_02756","2"
"cust_06884","2"
"cust_05446","1"
"cust_02076","1"
"cust_04103","1"
"cust_09559","1"
"cust_07571","2"
"cust_09466","1"
"cust_04894","2"
"cust_06692","3"
"cust_08054","2"
"cust_05389","3"
"cust_09373","3"
"cust_08021","4"
"cust_08604","2"
"cust_04480","3"
"cust_08326","3"
"cust_04078","2"
"cust_00640","1"
"cust_01270","2"
"cust_02778","3"
"cust_09497","5"
"cust_03861","1"
"cust_03480","2"
"cust_01534","5"
"cust_00325","1"
"cust_02338","3"
"cust_03980","1"
"cust_06877","2"
"cust_04054","4"
"cust_02237","3"
"cust_07106","5"
"cust_09668","0"
"cust_04745","3"
"cust_00864","4"
"cust_06203","0"
"cust_05508","5"
"cust_07429","3"
"cust_00371","0"
"cust_06296","3"
"cust_05551","0"
"cust_05723","2"
"cust_05899","3"
"cust_09287","1"
"cust_07871","4"
"cust_02364","2"
"cust_03213","4"
"cust_00911","2"
"cust_09047","3"
"cust_09790","2"
"cust_07289","2"
"cust_09958","1"
"cust_06536","1"
"cust_09192","1"
"cust_01423","4"
"cust_09807","2"
"cust_00479","0"
"cust_00662","0"
"cust_04476","1"
"cust_08982","2"
"cust_08077","3"
"cust_02988","2"
"cust_01119","2"
"cust_02776","5"
"cust_09835","5"
"cust_05003","3"
"cust_06649","3"
"cust_07254","3"
"cust_04427","2"
"cust_07431","3"
"cust_03981","1"
"cust_06351","3"
"cust_02893","1"
"cust_02669","1"
"cust_03977","1"
"cust_05259","1"
"cust_00279","1"
"cust_06730","1"
"cust_06104","3"
"cust_07020","2"
"cust_01694","4"
"cust_08912","1"
"cust_03479","3"
"cust_04416","1"
"cust_07592","0"
"cust_06282","0"
"cust_05603","2"
"cust_08619","1"
"cust_07780","3"
"cust_04296","5"
"cust_04593","0"
"cust_04844","3"
"cust_02209","2"
"cust_07605","2"
"cust_05501","3"
"cust_00184","2"
"cust_04800","1"
"cust_04845","2"
"cust_02350","2"
"cust_00553","5"
"cust_01397","2"
"cust_01384","4"
"cust_09182","5"
"cust_09817","2"
"cust_00297","1"
"cust_00443","0"
"cust_07338","3"
"cust_02077","0"
"cust_07815","0"
"cust_02229","2"
"cust_02842","4"
"cust_02537","1"
"cust_08145","5"
"cust_09536","3"
"cust_06443","2"
"cust_03367","2"
"cust_04486","2"
"cust_02578","5"
"cust_01131","4"
"cust_04818","1"
"cust_00320","4"
"cust_01371","1"
"cust_04042","2"
"cust_09125","2"
"cust_05145","1"
"cust_00907","3"
"cust_09426","3"
"cust_03950","3"
"cust_06145","4"
"cust_08886","0"
"cust_06695","0"
"cust_04977","2"
"cust_06092","2"
"cust_08408","5"
"cust_00926","3"
"cust_06143","0"
"cust_00015","2"
"cust_00143","3"
"cust_02363","4"
"cust_00129","2"
"cust_01161","4"
"cust_07551","3"
"cust_06129","1"
"cust_04665","5"
"cust_05660","3"
"cust_06460","1"
"cust_01876","3"
"cust_02488","3"
"cust_05327","1"
"cust_09361","2"
"cust_01182","4"
"cust_06135","0"
"cust_06377","0"
"cust_01170","3"
"cust_02182","1"
"cust_03371","0"
"cust_08040","2"
"cust_01859","1"
"cust_04860","1"
"cust_09255","2"
"cust_08345","3"
"cust_07347","1"
"cust_04864","3"
"cust_09886","3"
"cust_06388","4"
"cust_03121","2"
"cust_00387","4"
"cust_07785","0"
"cust_01032","4"
"cust_07852","2"
"cust_05418","1"
"cust_00931","2"
"cust_04019","4"
"cust_00691","4"
"cust_05298","1"
"cust_06658","1"
"cust_00829","5"
"cust_03498","1"
"cust_02081","2"
"cust_09440","5"
"cust_00044","2"
"cust_03939","2"
"cust_05257","1"
"cust_08437","3"
"cust_04319","4"
"cust_02965","3"
"cust_03969","5"
"cust_01187","1"
"cust_00284","2"
"cust_08873","5"
"cust_04159","2"
"cust_03092","1"
"cust_04556","0"
"cust_04584","4"
"cust_04323","3"
"cust_05504","3"
"cust_07074","5"
"cust_03364","3"
"cust_08025","3"
"cust_03195","2"
"cust_08810","4"
"cust_00969","3"
"cust_03734","3"
"cust_00925","3"
"cust_09496","0"
"cust_06451","3"
"cust_08797","4"
"cust_02851","0"
"cust_05180","2"
"cust_06723","3"
"cust_09322","2"
"cust_07810","3"
"cust_04471","1"
"cust_05168","1"
"cust_04348","0"
"cust_07903","5"
"cust_03626","1"
"cust_01789","2"
"cust_08293","2"
"cust_02059","4"
"cust_04013","5"
"cust_01902","1"
"cust_05573","4"
"cust_06925","3"
"cust_00075","4"
"cust_02345","2"
"cust_05484","1"
"cust_00430","1"
"cust_04586","3"
"cust_08099","2"
"cust_08457","3"
"cust_08156","3"
"cust_07893","2"
"cust_01553","3"
"cust_00240","3"
"cust_00783","2"
"cust_03066","2"
"cust_00977","2"
"cust_02941","3"
"cust_05377","0"
"cust_04730","4"
"cust_01620","2"
"cust_02146","1"
"cust_01801","3"
"cust_02095","1"
"cust_06074","5"
"cust_05245","2"
"cust_01357","2"
"cust_08063","0"
"cust_06050","1"
"cust_08368","1"
"cust_06017","4"
"cust_09931","1"
"cust_08769","3"
"cust_07503","3"
"cust_01609","2"
"cust_03096","3"
"cust_09771","3"
"cust_02415","2"
"cust_02017","0"
"cust_06018","0"
"cust_04125","3"
"cust_09802","3"
"cust_03246","3"
"cust_00124","0"
"cust_06425","3"
"cust_05308","2"
"cust_07463","4"
"cust_09157","4"
"cust_03341","2"
"cust_00598","3"
"cust_02123","0"
"cust_09498","2"
"cust_07685","2"
"cust_07049","0"
"cust_09661","3"
"cust_02197","1"
"cust_04051","2"
"cust_06054","0"
"cust_03362","3"
"cust_06851","5"
"cust_00725","2"
"cust_04934","2"
"cust_00978","1"
"cust_00808","5"
"cust_09603","1"
"cust_01475","0"
"cust_05935","2"
"cust_09036","3"
"cust_07335","3"
"cust_03962","2"
"cust_06422","5"
"cust_04905","0"
"cust_01235","4"
"cust_01225","2"
"cust_08049","3"
"cust_09278","3"
"cust_08671","3"
"cust_05229","2"
"cust_06950","1"
"cust_03217","5"
"cust_00287","2"
"cust_05023","5"
"cust_02966","4"
"cust_03164","4"
"cust_06003","4"
"cust_08887","4"
"cust_01657","3"
"cust_01975","2"
"cust_02397","2"
"cust_00452","4"
"cust_08030","2"
"cust_04696","1"
"cust_03681","3"
"cust_00422","3"
"cust_09725","2"
"cust_00657","4"
"cust_03301","3"
"cust_06394","0"
"cust_02845","1"
"cust_08291","3"
"cust_07497","0"
"cust_01001","2"
"cust_04198","3"
"cust_02418","5"
"cust_07482","1"
"cust_05706","3"
"cust_03847","1"
"cust_00961","0"
"cust_01580","3"
"cust_05007","2"
"cust_02206","4"
"cust_06312","2"
"cust_09562","2"
"cust_04231","0"
"cust_00757","3"
"cust_02284","1"
"cust_06663","3"
"cust_04755","2"
"cust_08211","1"
"cust_00807","0"
"cust_06575","3"
"cust_07719","2"
"cust_01956","3"
"cust_02445","2"
"cust_05875","2"
"cust_08163","2"
"cust_06138","1"
"cust_02402","3"
"cust_01073","2"
"cust_06557","0"
"cust_04240","1"
"cust_08509","1"
"cust_02091","1"
"cust_04527","4"
"cust_07202","5"
"cust_06795","3"
"cust_07237","0"
"cust_07422","1"
"cust_06849","3"
"cust_06836","1"
"cust_01003","5"
"cust_09099","4"
"cust_06562","3"
"cust_05614","2"
"cust_04651","3"
"cust_05313","4"
"cust_01485","3"
"cust_07607","3"
"cust_01411","4"
"cust_09303","1"
"cust_00709","3"
"cust_09806","2"
"cust_08042","1"
"cust_07211","0"
"cust_03076","2"
"cust_08314","2"
"cust_04101","1"
"cust_05114","4"
"cust_02722","1"
"cust_09359","5"
"cust_01268","3"
"cust_02462","2"
"cust_05464","3"
"cust_00268","0"
"cust_03580","2"
"cust_05349","3"
"cust_07290","1"
"cust_05157","2"
"cust_06601","1"
"cust_02821","0"
"cust_05807","2"
"cust_00589","3"
"cust_05955","2"
"cust_05254","2"
"cust_06661","0"
"cust_07656","4"
"cust_08725","1"
"cust_06896","0"
"cust_07594","0"
"cust_02028","5"
"cust_06818","0"
"cust_00677","3"
"cust_05763","0"
"cust_01232","1"
"cust_05296","3"
"cust_07103","3"
"cust_05034","2"
"cust_05452","0"
"cust_02432","5"
"cust_06319","5"
"cust_06119","1"
"cust_09158","2"
"cust_09953","0"
"cust_00896","3"
"cust_01611","3"
"cust_06474","2"
"cust_07661","1"
"cust_07460","3"
"cust_03806","2"
"cust_08273","2"
"cust_09451","5"
"cust_04701","5"
"cust_03961","2"
"cust_05417","0"
"cust_00890","1"
"cust_04999","2"
"cust_07506","5"
"cust_07881","3"
"cust_05095","3"
"cust_06932","1"
"cust_09617","2"
"cust_02799","3"
"cust_00584","4"
"cust_03268","3"
"cust_03932","2"
"cust_01260","0"
"cust_06205","3"
"cust_00310","2"
"cust_07789","3"
"cust_06458","5"
"cust_06206","5"
"cust_05882","2"
"cust_04668","2"
"cust_04298","3"
"cust_03783","2"
"cust_01008","2"
"cust_08354","1"
"cust_02185","3"
"cust_03623","2"
"cust_07039","2"
"cust_04922","1"
"cust_09673","2"
"cust_07950","2"
"cust_06125","1"
"cust_04756","4"
"cust_05074","4"
"cust_00090","2"
"cust_05974","3"
"cust_06418","3"
"cust_08640","3"
"cust_08690","4"
"cust_02117","2"
"cust_02937","4"
"cust_06842","3"
"cust_00983","5"
"cust_07260","0"
"cust_09985","2"
"cust_02925","3"
"cust_06061","3"
"cust_03214","3"
"cust_06447","1"
"cust_06779","3"
"cust_07038","4"
"cust_05663","2"
"cust_00627","2"
"cust_08008","4"
"cust_05125","2"
"cust_04765","1"
"cust_08143","1"
"cust_09594","2"
"cust_01269","0"
"cust_00128","3"
"cust_06112","2"
"cust_01711","4"
"cust_07862","2"
"cust_04235","3"
"cust_05192","1"
"cust_02398","2"
"cust_05434","1"
"cust_06057","2"
"cust_09318","5"
"cust_01186","0"
"cust_06013","0"
"cust_09793","3"
"cust_06014","2"
"cust_01977","2"
"cust_09887","1"
"cust_04247","1"
"cust_07672","4"
"cust_00915","3"
"cust_01305","0"
"cust_05455","2"
"cust_03049","3"
"cust_09521","0"
"cust_01273","1"
"cust_08055","0"
"cust_02796","2"
"cust_01398","1"
"cust_03358","3"
"cust_00183","5"
"cust_06867","1"
"cust_05695","2"
"cust_08835","2"
"cust_09626","1"
"cust_06170","3"
"cust_06987","1"
"cust_04567","1"
"cust_08955","3"
"cust_02656","3"
"cust_08309","2"
"cust_06857","3"
"cust_01961","0"
"cust_06383","2"
"cust_08853","3"
"cust_09973","1"
"cust_01251","2"
"cust_03176","4"
"cust_07760","0"
"cust_05013","3"
"cust_09705","1"
"cust_06539","3"
"cust_03289","4"
"cust_06448","5"
"cust_08726","3"
"cust_07611","2"
"cust_06275","2"
"cust_06887","3"
"cust_01051","2"
"cust_04069","3"
"cust_06022","0"
"cust_05552","1"
"cust_00272","4"
"cust_02042","3"
"cust_04763","3"
"cust_08997","2"
"cust_05204","0"
"cust_09509","3"
"cust_01086","3"
"cust_08373","2"
"cust_07732","3"
"cust_07515","3"
"cust_06678","2"
"cust_04322","3"
"cust_06946","1"
"cust_07747","1"
"cust_06772","2"
"cust_05518","4"
"cust_05117","3"
"cust_06179","3"
"cust_04709","4"
"cust_08121","3"
"cust_05969","3"
"cust_06784","1"
"cust_03478","2"
"cust_08414","4"
"cust_03924","2"
"cust_01748","2"
"cust_00732","0"
"cust_02553","1"
"cust_05458","1"
"cust_05873","0"
"cust_02662","2"
"cust_09398","2"
"cust_06455","2"
"cust_03113","5"
"cust_03303","5"
"cust_01344","0"
"cust_01690","2"
"cust_07180","1"
"cust_06499","0"
"cust_03308","5"
"cust_01504","0"
"cust_01806","3"
"cust_08469","3"
"cust_05369","2"
"cust_03791","3"
"cust_09520","2"
"cust_07329","3"
"cust_05909","2"
"cust_06825","3"
"cust_07263","5"
"cust_01848","2"
"cust_04512","1"
"cust_02431","3"
"cust_04660","0"
"cust_08885","2"
"cust_05584","2"
"cust_00142","2"
"cust_08760","1"
"cust_09211","3"
"cust_05264","2"
"cust_03409","3"
"cust_01117","2"
"cust_01756","3"
"cust_00497","5"
"cust_08031","5"
"cust_00870","1"
"cust_03357","3"
"cust_00912","0"
"cust_00721","3"
"cust_02805","5"
"cust_09943","2"
"cust_00886","4"
"cust_09592","2"
"cust_06587","2"
"cust_08100","1"
"cust_01520","2"
"cust_08689","0"
"cust_02746","1"
"cust_06700","3"
"cust_05775","2"
"cust_00314","1"
"cust_01799","2"
"cust_00327","0"
"cust_05642","2"
"cust_04204","3"
"cust_03129","3"
"cust_06860","1"
"cust_09905","3"
"cust_03968","1"
"cust_05743","3"
"cust_06226","3"
"cust_01973","3"
"cust_00336","2"
"cust_02764","2"
"cust_07660","5"
"cust_00275","4"
"cust_02985","2"
"cust_05646","1"
"cust_05849","2"
"cust_03477","3"
"cust_07558","1"
"cust_03558","4"
"cust_02809","1"
"cust_09113","2"
"cust_04861","0"
"cust_06586","3"
"cust_03416","3"
"cust_00307","2"
"cust_03908","0"
"cust_00348","4"
"cust_00826","0"
"cust_09501","2"
"cust_04482","3"
"cust_06576","2"
"cust_03682","0"
"cust_05876","2"
"cust_08387","2"
"cust_02053","1"
"cust_00071","4"
"cust_05507","0"
"cust_08514","2"
"cust_07510","2"
"cust_08151","2"
"cust_01666","3"
"cust_07861","2"
"cust_09159","2"
"cust_05688","2"
"cust_01445","3"
"cust_05227","2"
"cust_06982","2"
"cust_01695","5"
"cust_02892","4"
"cust_01574","1"
"cust_03203","1"
"cust_04405","0"
"cust_01630","1"
"cust_08380","4"
"cust_01881","0"
"cust_08821","1"
"cust_06463","3"
"cust_00848","3"
"cust_09923","3"
"cust_06188","0"
"cust_05869","2"
"cust_02877","4"
"cust_00186","2"
"cust_03779","2"
"cust_01830","3"
"cust_08325","3"
"cust_09241","5"
"cust_06378","4"
"cust_01234","1"
"cust_06964","1"
"cust_03915","2"
"cust_00446","0"
"cust_00844","5"
"cust_08062","0"
"cust_05402","1"
"cust_02440","4"
"cust_03103","3"
"cust_08585","1"
"cust_06791","3"
"cust_05650","4"
"cust_01294","1"
"cust_05079","2"
"cust_09016","3"
"cust_05067","1"
"cust_03442","3"
"cust_08451","1"
"cust_07273","5"
"cust_06105","1"
"cust_00776","3"
"cust_09716","3"
"cust_02153","2"
"cust_04920","3"
"cust_05360","4"
"cust_09735","2"
"cust_05957","3"
"cust_08411","5"
"cust_08432","0"
"cust_03183","2"
"cust_06792","2"
"cust_03199","2"
"cust_09369","2"
"cust_01289","3"
"cust_04581","3"
"cust_06192","3"
"cust_08935","1"
"cust_07149","2"
"cust_09846","1"
"cust_04106","2"
"cust_04126","2"
"cust_08300","0"
"cust_03966","2"
"cust_01879","3"
"cust_08496","1"
"cust_09299","2"
"cust_06348","3"
"cust_03587","1"
"cust_07372","0"
"cust_03865","2"
"cust_08487","1"
"cust_04131","2"
"cust_01036","3"
"cust_00636","4"
"cust_06153","2"
"cust_04134","1"
"cust_05338","5"
"cust_01083","5"
"cust_00861","3"
"cust_00903","4"
"cust_00191","1"
"cust_00109","0"
"cust_04455","0"
"cust_01942","3"
"cust_05856","2"
"cust_04331","2"
"cust_08541","1"
"cust_02040","2"
"cust_07331","1"
"cust_07317","1"
"cust_07779","1"
"cust_04659","2"
"cust_07313","4"
"cust_02775","2"
"cust_04145","2"
"cust_02323","0"
"cust_00762","2"
"cust_02617","3"
"cust_02411","3"
"cust_01094","5"
"cust_06173","3"
"cust_07048","0"
"cust_09272","3"
"cust_03135","1"
"cust_07787","5"
"cust_05040","2"
"cust_03805","4"
"cust_00884","4"
"cust_02654","1"
"cust_05921","3"
"cust_06187","1"
"cust_08085","0"
"cust_06742","2"
"cust_07626","5"
"cust_05680","3"
"cust_07007","2"
"cust_09686","0"
"cust_02202","2"
"cust_06107","1"
"cust_06417","3"
"cust_01262","4"
"cust_08379","2"
"cust_00975","3"
"cust_05831","0"
"cust_04925","1"
"cust_00941","4"
"cust_04723","2"
"cust_02387","3"
"cust_09728","3"
"cust_05021","1"
"cust_04391","3"
"cust_05148","0"
"cust_03221","5"
"cust_03882","5"
"cust_09438","3"
"cust_06624","5"
"cust_05918","1"
"cust_02789","3"
"cust_00944","2"
"cust_08908","3"
"cust_01857","2"
"cust_09080","1"
"cust_04108","4"
"cust_08513","0"
"cust_03255","1"
"cust_02690","0"
"cust_09512","0"
"cust_06961","2"
"cust_01319","3"
"cust_08882","2"
"cust_09880","2"
"cust_05162","4"
"cust_05829","1"
"cust_07953","0"
"cust_05958","2"
"cust_09271","1"
"cust_03475","4"
"cust_03505","0"
"cust_04749","4"
"cust_02477","0"
"cust_09490","2"
"cust_06615","2"
"cust_07413","4"
"cust_07586","0"
"cust_05344","0"
"cust_09863","2"
"cust_07111","3"
"cust_01874","1"
"cust_08516","0"
"cust_05270","5"
"cust_05096","5"
"cust_02904","2"
"cust_00570","3"
"cust_01448","2"
"cust_05964","2"
"cust_06242","3"
"cust_06347","1"
"cust_07874","0"
"cust_09816","4"
"cust_03226","2"
"cust_09744","2"
"cust_03978","5"
"cust_04383","4"
"cust_07856","1"
"cust_03539","3"
"cust_05682","5"
"cust_02827","2"
"cust_07658","3"
"cust_04996","2"
"cust_01338","2"
"cust_03262","2"
"cust_06386","1"
"cust_07951","0"
"cust_00650","3"
"cust_02902","0"
"cust_02258","3"
"cust_07402","2"
"cust_03521","1"
"cust_02730","2"
"cust_05496","1"
"cust_04478","4"
"cust_01596","1"
"cust_07066","3"
"cust_02584","5"
"cust_05441","2"
"cust_03196","0"
"cust_08523","1"
"cust_07682","2"
"cust_05376","4"
"cust_01258","1"
"cust_05277","5"
"cust_00991","1"
"cust_03504","2"
"cust_00113","0"
"cust_00919","2"
"cust_02509","0"
"cust_09404","3"
"cust_00165","3"
"cust_05263","1"
"cust_04603","2"
"cust_00949","2"
"cust_04594","4"
"cust_05727","2"
"cust_03770","4"
"cust_02506","1"
"cust_05107","1"
"cust_02850","1"
"cust_06485","4"
"cust_05362","4"
"cust_07442","3"
"cust_04446","2"
"cust_04460","3"
"cust_09513","2"
"cust_02505","3"
"cust_01114","0"
"cust_08397","1"
"cust_00298","5"
"cust_01675","2"
"cust_03347","3"
"cust_02735","2"
"cust_07819","1"
"cust_04988","3"
"cust_09894","3"
"cust_05817","1"
"cust_04325","5"
"cust_06719","0"
"cust_08786","4"
"cust_04550","5"
"cust_08572","2"
"cust_07847","5"
"cust_02103","0"
"cust_05813","3"
"cust_09104","2"
"cust_07453","2"
"cust_01837","3"
"cust_07902","0"
"cust_08318","0"
"cust_08723","1"
"cust_00607","2"
"cust_08374","4"
"cust_01093","2"
"cust_06387","2"
"cust_06505","1"
"cust_08964","2"
"cust_04487","0"
"cust_00160","2"
"cust_00203","2"
"cust_07040","1"
"cust_05893","2"
"cust_04933","0"
"cust_02934","1"
"cust_07322","3"
"cust_02435","1"
"cust_01230","3"
"cust_08675","3"
"cust_03046","0"
"cust_09654","2"
"cust_08419","1"
"cust_07666","1"
"cust_06407","2"
"cust_04251","2"
"cust_05577","5"
"cust_03293","1"
"cust_04034","1"
"cust_08112","1"
"cust_04290","4"
"cust_04334","2"
"cust_05931","0"
"cust_03877","4"
"cust_05428","1"
"cust_04753","3"
"cust_04886","2"
"cust_00857","2"
"cust_08233","2"
"cust_08375","4"
"cust_02561","3"
"cust_03801","0"
"cust_02640","0"
"cust_09663","2"
"cust_04490","1"
"cust_02347","2"
"cust_00649","3"
"cust_02781","5"
"cust_05652","2"
"cust_08543","0"
"cust_08677","2"
"cust_06433","3"
"cust_00615","5"
"cust_08448","1"
"cust_02575","5"
"cust_00053","0"
"cust_03340","4"
"cust_07037","2"
"cust_01705","2"
"cust_09060","2"
"cust_09352","1"
"cust_01493","2"
"cust_09963","5"
"cust_05632","4"
"cust_00803","2"
"cust_04953","1"
"cust_06933","3"
"cust_07104","2"
"cust_00990","0"
"cust_02774","4"
"cust_07470","1"
"cust_06419","2"
"cust_03513","2"
"cust_05478","2"
"cust_08400","3"
"cust_00219","1"
"cust_06969","2"
"cust_01288","1"
"cust_03163","5"
"cust_04678","3"
"cust_02618","2"
"cust_03612","0"
"cust_00043","3"
"cust_08094","4"
"cust_08372","2"
"cust_03792","3"
"cust_03571","4"
"cust_09980","4"
"cust_01503","3"
"cust_05556","3"
"cust_09830","2"
"cust_03439","3"
"cust_01892","1"
"cust_09323","1"
"cust_05255","4"
"cust_01955","4"
"cust_05167","2"
"cust_04814","0"
"cust_06264","3"
"cust_01505","3"
"cust_00670","2"
"cust_08907","0"
"cust_07055","3"
"cust_00897","4"
"cust_06178","3"
"cust_02666","2"
"cust_03193","1"
"cust_02890","4"
"cust_07773","1"
"cust_02621","5"
"cust_06008","3"
"cust_05956","4"
"cust_00002","2"
"cust_02370","5"
"cust_07914","2"
"cust_01769","2"
"cust_08506","1"
"cust_06025","3"
"cust_00531","2"
"cust_08724","5"
"cust_08649","1"
"cust_07873","1"
"cust_08890","1"
"cust_03120","3"
"cust_09022","2"
"cust_00731","2"
"cust_03406","4"
"cust_02339","0"
"cust_05967","4"
"cust_06580","3"
"cust_02565","0"
"cust_07726","4"
"cust_07820","1"
"cust_06713","3"
"cust_06995","4"
"cust_06942","3"
"cust_07794","0"
"cust_08975","1"
"cust_01255","2"
"cust_02104","3"
"cust_06734","5"
"cust_09778","5"
"cust_06224","3"
"cust_09150","2"
"cust_04994","1"
"cust_08969","2"
"cust_06839","0"
"cust_05057","1"
"cust_05846","0"
"cust_04434","3"
"cust_03484","3"
"cust_09493","5"
"cust_05318","4"
"cust_03816","4"
"cust_05729","5"
"cust_08903","3"
"cust_07840","0"
"cust_09889","2"
"cust_01621","5"
"cust_09423","5"
"cust_06307","3"
"cust_09304","2"
"cust_08902","2"
"cust_01096","3"
"cust_08057","0"
"cust_09481","4"
"cust_02463","0"
"cust_08289","3"
"cust_01788","3"
"cust_00250","3"
"cust_09926","2"
"cust_06191","3"
"cust_09650","0"
"cust_00192","4"
"cust_00820","4"
"cust_09627","2"
"cust_05714","3"
"cust_07195","3"
"cust_05715","3"
"cust_04400","3"
"cust_09290","1"
"cust_05388","4"
"cust_04166","2"
"cust_04951","3"
"cust_02687","1"
"cust_04390","3"
"cust_05860","0"
"cust_05981","2"
"cust_04927","3"
"cust_06735","3"
"cust_02607","4"
"cust_07466","3"
"cust_00238","3"
"cust_04015","3"
"cust_09262","1"
"cust_02977","1"
"cust_05712","5"
"cust_09856","1"
"cust_05473","1"
"cust_00945","2"
"cust_08251","0"
"cust_07681","3"
"cust_05097","3"
"cust_06805","5"
"cust_05803","1"
"cust_03552","1"
"cust_09969","2"
"cust_03360","3"
"cust_08249","4"
"cust_02410","3"
"cust_04507","1"
"cust_08462","1"
"cust_03982","5"
"cust_00146","4"
"cust_06648","0"
"cust_02294","3"
"cust_02253","3"
"cust_03611","2"
"cust_05353","1"
"cust_01736","1"
"cust_07915","3"
"cust_07659","3"
"cust_00114","2"
"cust_08860","3"
"cust_05649","3"
"cust_09844","3"
"cust_00498","1"
"cust_07822","2"
"cust_00720","1"
"cust_07258","1"
"cust_08843","4"
"cust_05730","3"
"cust_03089","5"
"cust_07226","4"
"cust_07306","0"
"cust_06508","3"
"cust_00596","3"
"cust_09092","3"
"cust_06095","2"
"cust_06053","2"
"cust_05164","0"
"cust_01647","2"
"cust_08167","1"
"cust_06920","1"
"cust_02700","1"
"cust_08203","3"
"cust_01700","4"
"cust_08943","4"
"cust_05404","3"
"cust_07219","1"
"cust_07502","2"
"cust_02942","4"
"cust_06301","0"
"cust_00086","3"
"cust_02308","0"
"cust_02677","3"
"cust_08216","4"
"cust_07729","2"
"cust_02594","4"
"cust_05884","1"
"cust_01029","5"
"cust_00136","3"
"cust_06831","4"
"cust_07814","2"
"cust_02854","0"
"cust_04409","1"
"cust_01200","2"
"cust_04717","4"
"cust_09517","1"
"cust_06594","2"
"cust_00566","3"
"cust_07328","0"
"cust_05430","3"
"cust_03927","3"
"cust_06055","3"
"cust_07589","4"
"cust_07122","3"
"cust_06572","3"
"cust_06535","0"
"cust_08913","2"
"cust_08275","0"
"cust_02330","1"
"cust_03515","3"
"cust_02187","2"
"cust_00195","1"
"cust_07257","0"
"cust_05666","5"
"cust_05059","2"
"cust_00802","1"
"cust_08848","1"
"cust_09928","3"
"cust_02068","1"
"cust_09082","0"
"cust_08744","3"
"cust_00644","0"
"cust_09374","2"
"cust_05103","4"
"cust_05460","1"
"cust_01637","2"
"cust_00120","0"
"cust_02981","2"
"cust_05069","4"
"cust_03074","2"
"cust_08927","2"
"cust_03278","3"
"cust_02135","0"
"cust_08941","3"
"cust_04970","4"
"cust_06195","2"
"cust_00134","4"
"cust_07731","2"
"cust_05324","3"
"cust_09640","1"
"cust_06160","0"
"cust_02559","4"
"cust_00062","2"
"cust_01358","3"
"cust_06725","0"
"cust_02467","5"
"cust_00679","3"
"cust_06797","0"
"cust_00741","3"
"cust_05307","4"
"cust_07627","2"
"cust_03641","1"
"cust_00444","4"
"cust_08140","0"
"cust_03258","0"
"cust_04663","3"
"cust_01873","2"
"cust_06366","3"
"cust_02596","2"
"cust_01717","5"
"cust_02912","4"
"cust_02843","4"
"cust_04027","1"
"cust_05488","2"
"cust_08634","4"
"cust_08037","2"
"cust_09232","4"
"cust_00489","3"
"cust_00493","2"
"cust_00690","1"
"cust_03821","1"
"cust_00602","2"
"cust_01911","1"
"cust_01014","0"
"cust_06156","3"
"cust_01993","1"
"cust_05769","1"
"cust_03757","2"
"cust_02366","3"
"cust_05283","1"
"cust_04370","1"
"cust_06883","0"
"cust_07011","1"
"cust_01361","2"
"cust_08461","3"
"cust_01526","3"
"cust_01327","1"
"cust_08507","1"
"cust_09031","4"
"cust_01551","5"
"cust_07769","2"
"cust_09908","3"
"cust_01337","3"
"cust_03901","3"
"cust_03010","2"
"cust_05041","2"
"cust_08825","3"
"cust_02250","3"
"cust_06533","2"
"cust_05039","1"
"cust_02346","3"
"cust_09282","1"
"cust_05485","1"
"cust_02784","3"
"cust_05119","3"
"cust_07550","3"
"cust_05555","2"
"cust_05599","3"
"cust_07630","1"
"cust_00150","0"
"cust_02804","5"
"cust_05874","2"
"cust_02086","1"
"cust_03751","2"
"cust_05612","3"
"cust_02259","3"
"cust_04017","1"
"cust_06113","4"
"cust_06058","2"
"cust_02424","1"
"cust_08034","3"
"cust_03856","3"
"cust_00859","2"
"cust_08170","1"
"cust_07591","2"
"cust_08097","0"
"cust_07320","2"
"cust_08563","1"
"cust_04739","3"
"cust_08594","3"
"cust_04462","0"
"cust_05528","1"
"cust_01364","2"
"cust_01779","1"
"cust_09221","2"
"cust_04785","4"
"cust_06334","2"
"cust_01818","3"
"cust_07799","3"
"cust_04937","3"
"cust_02704","2"
"cust_05285","2"
"cust_00175","3"
"cust_07481","4"
"cust_02093","3"
"cust_08750","5"
"cust_03491","5"
"cust_01920","2"
"cust_00082","2"
"cust_00816","1"
"cust_08601","5"
"cust_07354","1"
"cust_04396","2"
"cust_09181","3"
"cust_05568","4"
"cust_00283","2"
"cust_04120","0"
"cust_07480","3"
"cust_00609","4"
"cust_02915","1"
"cust_01813","5"
"cust_01271","3"
"cust_05924","2"
"cust_09595","1"
"cust_02994","2"
"cust_07109","3"
"cust_08613","1"
"cust_07356","2"
"cust_02642","4"
"cust_06553","3"
"cust_04508","0"
"cust_02305","1"
"cust_06502","5"
"cust_06260","4"
"cust_04195","3"
"cust_05562","4"
"cust_04840","4"
"cust_04655","3"
"cust_08147","3"
"cust_04168","4"
"cust_03849","2"
"cust_09847","2"
"cust_08401","5"
"cust_05253","3"
"cust_07884","1"
"cust_05533","4"
"cust_02414","2"
"cust_03554","4"
"cust_04691","3"
"cust_04498","2"
"cust_02195","3"
"cust_05045","1"
"cust_02600","1"
"cust_01518","3"
"cust_04764","1"
"cust_04314","3"
"cust_03366","4"
"cust_06065","1"
"cust_06582","2"
"cust_02633","2"
"cust_07337","2"
"cust_05633","3"
"cust_09168","1"
"cust_08789","2"
"cust_02434","4"
"cust_08277","3"
"cust_06758","3"
"cust_06611","3"
"cust_04520","1"
"cust_05587","1"
"cust_03545","2"
"cust_05965","1"
"cust_05992","1"
"cust_08805","3"
"cust_05531","4"
"cust_05444","5"
"cust_00517","2"
"cust_06110","1"
"cust_06864","0"
"cust_07960","1"
"cust_01415","2"
"cust_04664","2"
"cust_04456","3"
"cust_02761","2"
"cust_04855","0"
"cust_00127","2"
"cust_03474","0"
"cust_07969","4"
"cust_04310","3"
"cust_02438","3"
"cust_03765","0"
"cust_06876","2"
"cust_05896","1"
"cust_05840","0"
"cust_08842","3"
"cust_09770","1"
"cust_01473","0"
"cust_04821","5"
"cust_06915","2"
"cust_03560","4"
"cust_03951","1"
"cust_00049","3"
"cust_05437","0"
"cust_09897","3"
"cust_00887","5"
"cust_02616","3"
"cust_00516","2"
"cust_03168","4"
"cust_02949","1"
"cust_01424","2"
"cust_00139","3"
"cust_01924","4"
"cust_02378","2"
"cust_03197","2"
"cust_05131","3"
"cust_00112","5"
"cust_04559","4"
"cust_04595","2"
"cust_07997","2"
"cust_03250","0"
"cust_04690","2"
"cust_08115","1"
"cust_07767","3"
"cust_04546","3"
"cust_07084","0"
"cust_03277","1"
"cust_07542","2"
"cust_06593","3"
"cust_04068","2"
"cust_04408","3"
"cust_08644","1"
"cust_08588","1"
"cust_07384","0"
"cust_03222","2"
"cust_08210","2"
"cust_00451","3"
"cust_03731","0"
"cust_08953","1"
"cust_04986","3"
"cust_03663","1"
"cust_02763","3"
"cust_00658","3"
"cust_07678","3"
"cust_07676","1"
"cust_04620","3"
"cust_00999","1"
"cust_00389","2"
"cust_03407","2"
"cust_01476","3"
"cust_02240","1"
"cust_02386","2"
"cust_09139","1"
"cust_00992","1"
"cust_04997","0"
"cust_03922","3"
"cust_02972","3"
"cust_03386","2"
"cust_07885","0"
"cust_08812","3"
"cust_04769","2"
"cust_01293","2"
"cust_01824","1"
"cust_02873","2"
"cust_04173","4"
"cust_02535","5"
"cust_09132","2"
"cust_01907","1"
"cust_00042","1"
"cust_09491","3"
"cust_00368","1"
"cust_01151","0"
"cust_07752","3"
"cust_06358","2"
"cust_05912","1"
"cust_06507","4"
"cust_07525","2"
"cust_04160","4"
"cust_04287","0"
"cust_07775","3"
"cust_06714","3"
"cust_00174","2"
"cust_01903","2"
"cust_01099","2"
"cust_08114","3"
"cust_03408","2"
"cust_01538","2"
"cust_02292","2"
"cust_09300","2"
"cust_01363","2"
"cust_07188","3"
"cust_06627","2"
"cust_05260","5"
"cust_06815","2"
"cust_09461","1"
"cust_00680","2"
"cust_09315","2"
"cust_09298","3"
"cust_03664","4"
"cust_01661","2"
"cust_00508","3"
"cust_00166","2"
"cust_05497","3"
"cust_08299","1"
"cust_01006","2"
"cust_09739","4"
"cust_01914","3"
"cust_03494","0"
"cust_09633","4"
"cust_09750","4"
"cust_06444","1"
"cust_04990","4"
"cust_02536","4"
"cust_01104","3"
"cust_03875","4"
"cust_07523","0"
"cust_01752","4"
"cust_05310","0"
"cust_07296","4"
"cust_02916","2"
"cust_08974","2"
"cust_05754","2"
"cust_00152","2"
"cust_07690","4"
"cust_05679","0"
"cust_03907","5"
"cust_09135","3"
"cust_02552","2"
"cust_02773","3"
"cust_06098","0"
"cust_03551","1"
"cust_03722","3"
"cust_09870","1"
"cust_00520","4"
"cust_08033","3"
"cust_04538","2"
"cust_06778","1"
"cust_01822","4"
"cust_04086","0"
"cust_06148","2"
"cust_08742","1"
"cust_09472","3"
"cust_07741","2"
"cust_00309","1"
"cust_07720","3"
"cust_08222","4"
"cust_08656","2"
"cust_03599","2"
"cust_03622","3"
"cust_03811","3"
"cust_03450","4"
"cust_04591","2"
"cust_00205","3"
"cust_09840","3"
"cust_01135","1"
"cust_09384","1"
"cust_02749","3"
"cust_03613","3"
"cust_00305","3"
"cust_01849","2"
"cust_07669","1"
"cust_01988","0"
"cust_03240","0"
"cust_02798","5"
"cust_04515","0"
"cust_05630","3"
"cust_09372","2"
"cust_03109","0"
"cust_04939","1"
"cust_04059","1"
"cust_01987","3"
"cust_07157","1"
"cust_08874","5"
"cust_06613","1"
"cust_00383","1"
"cust_05634","3"
"cust_04307","1"
"cust_03388","3"
"cust_03156","2"
"cust_09995","2"
"cust_02727","4"
"cust_06333","4"
"cust_09899","0"
"cust_08751","0"
"cust_08302","3"
"cust_06037","3"
"cust_03832","2"
"cust_08917","2"
"cust_04776","4"
"cust_04276","2"
"cust_00253","3"
"cust_07895","0"
"cust_09590","0"
"cust_07288","3"
"cust_00278","3"
"cust_03252","4"
"cust_02480","2"
"cust_00289","3"
"cust_06086","4"
"cust_03075","1"
"cust_08123","2"
"cust_07598","3"
"cust_06403","4"
"cust_05089","2"
"cust_07283","2"
"cust_09717","2"
"cust_08402","2"
"cust_06121","0"
"cust_07754","3"
"cust_00270","1"
"cust_06009","4"
"cust_04570","1"
"cust_09116","3"
"cust_09803","4"
"cust_02971","2"
"cust_06193","2"
"cust_08768","2"
"cust_04207","3"
"cust_03218","2"
"cust_01391","2"
"cust_03975","1"
"cust_04316","2"
"cust_07959","0"
"cust_07344","1"
"cust_07448","0"
"cust_00083","0"
"cust_00873","3"
"cust_09605","4"
"cust_07635","2"
"cust_04557","2"
"cust_04500","2"
"cust_04647","1"
"cust_02038","1"
"cust_09694","0"
"cust_06909","1"
"cust_02450","2"
"cust_03954","5"
"cust_02329","3"
"cust_09124","3"
"cust_07044","2"
"cust_05042","4"
"cust_09364","1"
"cust_04746","1"
"cust_09367","2"
"cust_09402","5"
"cust_06491","0"
"cust_06637","4"
"cust_07225","0"
"cust_02401","1"
"cust_05520","3"
"cust_01216","1"
"cust_08695","2"
"cust_06020","4"
"cust_06865","5"
"cust_01064","1"
"cust_03786","1"
"cust_04410","3"
"cust_06859","2"
"cust_06760","2"
"cust_05523","3"
"cust_05996","2"
"cust_08833","0"
"cust_05888","3"
"cust_02161","4"
"cust_03008","4"
"cust_01105","1"
"cust_06654","5"
"cust_00692","0"
"cust_09957","4"
"cust_04956","2"
"cust_06597","0"
"cust_08480","2"
"cust_04369","4"
"cust_02765","2"
"cust_03929","5"
"cust_07134","1"
"cust_08735","1"
"cust_07530","4"
"cust_07528","2"
"cust_00628","1"
"cust_02451","2"
"cust_06239","0"
"cust_07012","4"
"cust_03824","0"
"cust_08977","3"
"cust_02652","0"
"cust_09107","2"
"cust_03743","0"
"cust_02176","3"
"cust_09906","1"
"cust_09263","2"
"cust_03318","1"
"cust_06343","3"
"cust_02787","3"
"cust_04105","2"
"cust_06355","3"
"cust_01676","2"
"cust_03947","3"
"cust_04444","2"
"cust_02936","3"
"cust_09005","0"
"cust_07766","2"
"cust_05722","2"
"cust_07441","1"
"cust_02503","4"
"cust_08482","2"
"cust_02369","3"
"cust_04967","1"
"cust_05883","4"
"cust_02217","2"
"cust_05847","1"
"cust_02218","3"
"cust_03326","0"
"cust_06733","2"
"cust_03583","2"
"cust_09824","2"
"cust_03619","5"
"cust_07707","1"
"cust_06432","0"
"cust_03115","1"
"cust_00085","5"
"cust_05973","2"
"cust_02801","2"
"cust_03671","4"
"cust_03667","3"
"cust_09794","4"
"cust_05158","3"
"cust_05725","2"
"cust_04590","4"
"cust_02019","4"
"cust_07831","3"
"cust_02525","5"
"cust_08286","1"
"cust_09206","3"
"cust_03212","4"
"cust_00519","1"
"cust_05366","2"
"cust_06762","2"
"cust_02895","3"
"cust_00244","3"
"cust_05930","3"
"cust_04714","0"
"cust_09567","3"
"cust_03425","4"
"cust_06931","2"
"cust_06720","0"
"cust_07410","3"
"cust_06177","0"
"cust_07250","2"
"cust_05509","0"
"cust_02001","0"
"cust_00885","0"
"cust_00869","3"
"cust_09688","1"
"cust_05720","3"
"cust_00356","0"
"cust_09907","3"
"cust_05451","2"
"cust_08193","0"
"cust_06438","3"
"cust_07704","3"
"cust_01275","3"
"cust_01890","1"
"cust_08686","2"
"cust_06568","2"
"cust_09623","3"
"cust_03563","2"
"cust_05787","0"
"cust_04958","1"
"cust_01546","2"
"cust_02380","0"
"cust_03823","2"
"cust_03232","2"
"cust_08399","1"
"cust_03306","2"
"cust_00492","2"
"cust_03499","4"
"cust_06664","1"
"cust_01116","1"
"cust_05637","2"
"cust_08774","2"
"cust_06146","2"
"cust_09867","2"
"cust_08775","0"
"cust_06707","4"
"cust_09948","0"
"cust_07965","1"
"cust_03645","0"
"cust_02500","2"
"cust_05677","1"
"cust_05241","3"
"cust_06518","1"
"cust_02783","0"
"cust_06158","2"
"cust_03809","3"
"cust_09428","3"
"cust_09524","2"
"cust_08599","2"
"cust_01696","0"
"cust_05685","2"
"cust_08367","0"
"cust_05939","1"
"cust_02052","3"
"cust_01776","1"
"cust_06560","5"
"cust_03313","1"
"cust_04781","0"
"cust_08538","2"
"cust_06781","1"
"cust_01592","3"
"cust_01723","2"
"cust_00215","1"
"cust_06326","3"
"cust_08256","1"
"cust_00490","0"
"cust_09133","3"
"cust_03483","3"
"cust_05102","1"
"cust_05187","1"
"cust_03431","1"
"cust_09198","2"
"cust_07710","0"
"cust_05513","3"
"cust_00025","2"
"cust_03512","2"
"cust_02409","3"
"cust_03270","1"
"cust_05209","3"
"cust_08711","3"
"cust_01552","0"
"cust_09197","1"
"cust_08621","3"
"cust_03871","3"
"cust_03402","2"
"cust_04529","2"
"cust_00979","2"
"cust_02655","3"
"cust_01847","2"
"cust_07964","3"
"cust_08240","5"
"cust_07145","3"
"cust_07299","4"
"cust_05721","4"
"cust_00515","5"
"cust_08745","0"
"cust_08297","1"
"cust_01102","2"
"cust_03276","0"
"cust_07217","3"
"cust_07389","2"
"cust_09077","3"
"cust_08337","1"
"cust_03996","1"
"cust_00194","3"
"cust_04711","3"
"cust_00643","1"
"cust_09089","0"
"cust_03285","3"
"cust_03116","0"
"cust_06476","2"
"cust_03575","2"
"cust_09023","1"
"cust_04320","2"
"cust_09992","5"
"cust_02207","1"
"cust_04552","5"
"cust_07316","0"
"cust_03718","3"
"cust_00972","3"
"cust_04579","2"
"cust_00719","1"
"cust_09017","3"
"cust_06155","2"
"cust_09430","2"
"cust_03896","2"
"cust_02803","3"
"cust_02566","2"
"cust_04025","3"
"cust_06198","0"
"cust_00032","0"
"cust_08307","3"
"cust_08831","2"
"cust_09818","2"
"cust_04063","0"
"cust_08948","3"
"cust_05540","2"
"cust_01697","1"
"cust_02792","2"
"cust_02222","5"
"cust_05818","2"
"cust_09662","1"
"cust_03764","1"
"cust_03866","2"
"cust_06421","2"
"cust_09399","2"
"cust_08938","1"
"cust_06671","2"
"cust_07978","4"
"cust_03758","2"
"cust_09774","3"
"cust_03227","4"
"cust_07802","3"
"cust_03923","1"
"cust_03904","0"
"cust_02277","5"
"cust_06810","4"
"cust_01401","2"
"cust_00739","1"
"cust_04266","3"
"cust_09861","2"
"cust_07352","1"
"cust_07518","1"
"cust_03851","2"
"cust_08631","3"
"cust_02661","2"
"cust_06504","4"
"cust_09799","3"
"cust_00674","3"
"cust_07105","4"
"cust_06360","0"
"cust_03841","2"
"cust_01815","2"
"cust_09489","4"
"cust_09838","0"
"cust_09201","2"
"cust_04653","3"
"cust_08692","5"
"cust_02100","1"
"cust_07711","2"
"cust_01673","3"
"cust_02101","1"
"cust_04213","1"
"cust_06958","2"
"cust_01548","2"
"cust_09550","2"
"cust_03323","2"
"cust_09583","2"
"cust_00355","3"
"cust_05184","4"
"cust_01461","2"
"cust_07624","2"
"cust_09385","1"
"cust_03220","1"
"cust_00939","3"
"cust_05147","2"
"cust_05923","3"
"cust_07883","2"
"cust_01751","4"
"cust_09468","0"
"cust_07597","0"
"cust_01772","5"
"cust_01196","2"
"cust_01878","1"
"cust_02668","0"
"cust_03171","5"
"cust_02016","4"
"cust_02005","3"
"cust_08272","3"
"cust_03893","0"
"cust_09991","0"
"cust_03237","2"
"cust_04424","0"
"cust_04744","0"
"cust_02078","3"
"cust_05219","4"
"cust_00396","2"
"cust_02788","3"
"cust_08877","4"
"cust_08638","2"
"cust_04072","3"
"cust_05574","1"
"cust_08369","1"
"cust_09507","3"
"cust_05355","5"
"cust_07233","2"
"cust_09483","2"
"cust_06820","1"
"cust_01519","2"
"cust_08196","1"
"cust_01378","3"
"cust_05672","0"
"cust_01023","2"
"cust_02587","2"
"cust_07042","5"
"cust_05621","3"
"cust_07637","2"
"cust_05008","2"
"cust_02857","4"
"cust_08254","3"
"cust_05771","3"
"cust_05842","3"
"cust_08027","0"
"cust_05832","0"
"cust_01629","3"
"cust_04888","0"
"cust_04526","5"
"cust_03523","4"
"cust_05904","3"
"cust_07781","3"
"cust_03607","1"
"cust_09418","4"
"cust_05220","1"
"cust_00234","4"
"cust_07755","4"
"cust_03796","4"
"cust_04118","1"
"cust_06318","3"
"cust_05001","2"
"cust_03800","3"
"cust_07809","3"
"cust_03899","2"
"cust_05024","1"
"cust_01948","0"
"cust_06361","1"
"cust_00470","3"
"cust_09944","3"
"cust_03492","1"
"cust_06091","2"
"cust_02671","4"
"cust_09800","2"
"cust_02224","2"
"cust_01106","4"
"cust_02188","3"
"cust_00818","3"
"cust_05571","1"
"cust_04523","5"
"cust_05793","4"
"cust_09381","4"
"cust_08780","1"
"cust_07459","1"
"cust_02624","2"
"cust_07094","5"
"cust_09392","1"
"cust_09916","3"
"cust_09119","3"
"cust_00888","4"
"cust_02437","3"
"cust_06056","4"
"cust_07064","2"
"cust_00817","0"
"cust_08934","0"
"cust_03414","0"
"cust_06352","2"
"cust_02341","1"
"cust_09029","4"
"cust_03167","0"
"cust_01809","1"
"cust_08035","4"
"cust_01264","3"
"cust_05086","4"
"cust_09675","3"
"cust_05835","1"
"cust_05194","3"
"cust_04449","5"
"cust_04945","1"
"cust_04045","2"
"cust_06503","3"
"cust_03702","0"
"cust_01035","1"
"cust_09256","3"
"cust_05590","2"
"cust_01228","1"
"cust_09999","2"
"cust_06811","4"
"cust_05141","5"
"cust_00052","4"
"cust_09067","3"
"cust_08395","5"
"cust_00159","2"
"cust_07552","3"
"cust_01587","1"
"cust_01589","3"
"cust_09841","3"
"cust_09328","3"
"cust_06930","0"
"cust_06596","2"
"cust_06174","5"
"cust_08098","3"
"cust_03858","2"
"cust_09814","3"
"cust_06691","0"
"cust_02828","2"
"cust_00436","3"
"cust_08274","4"
"cust_08168","2"
"cust_03878","3"
"cust_01588","3"
"cust_02780","1"
"cust_08981","4"
"cust_08561","2"
"cust_05686","5"
"cust_03965","3"
"cust_04727","3"
"cust_00973","3"
"cust_01238","2"
"cust_02951","3"
"cust_02342","4"
"cust_06520","5"
"cust_07310","3"
"cust_06046","3"
"cust_02158","0"
"cust_09288","2"
"cust_06589","0"
"cust_01497","3"
"cust_04545","0"
"cust_06465","0"
"cust_04257","0"
"cust_02422","3"
"cust_08564","1"
"cust_05185","2"
"cust_05647","5"
"cust_00357","2"
"cust_05242","2"
"cust_08011","1"
"cust_09240","3"
"cust_02092","0"
"cust_05409","2"
"cust_02015","2"
"cust_09059","1"
"cust_04044","1"
"cust_00187","2"
"cust_06858","2"
"cust_03655","5"
"cust_03426","3"
"cust_07194","2"
"cust_01381","1"
"cust_07468","0"
"cust_00413","1"
"cust_05037","3"
"cust_04897","1"
"cust_03336","3"
"cust_03606","1"
"cust_03175","5"
"cust_02241","4"
"cust_09708","2"
"cust_07796","0"
"cust_00256","1"
"cust_08620","1"
"cust_00200","4"
"cust_02235","2"
"cust_04743","3"
"cust_01767","2"
"cust_04236","2"
"cust_06729","0"
"cust_08450","1"
"cust_07277","3"
"cust_01572","3"
"cust_00024","1"
"cust_03363","3"
"cust_01088","5"
"cust_04674","2"
"cust_02694","1"
"cust_07582","3"
"cust_03398","4"
"cust_03559","1"
"cust_09156","5"
"cust_02841","4"
"cust_02311","1"
"cust_08333","5"
"cust_03234","4"
"cust_04152","0"
"cust_01309","5"
"cust_00695","3"
"cust_09859","3"
"cust_03752","5"
"cust_06337","0"
"cust_01227","3"
"cust_01999","1"
"cust_00276","3"
"cust_08176","1"
"cust_07664","0"
"cust_05929","4"
"cust_02953","2"
"cust_03637","2"
"cust_03906","3"
"cust_04778","2"
"cust_05845","3"
"cust_09698","1"
"cust_04117","3"
"cust_07030","1"
"cust_01137","4"
"cust_02767","3"
"cust_02334","3"
"cust_07706","4"
"cust_00942","2"
"cust_07662","1"
"cust_02490","2"
"cust_09679","3"
"cust_06290","0"
"cust_04935","3"
"cust_03935","3"
"cust_06956","4"
"cust_02384","3"
"cust_00115","3"
"cust_01863","3"
"cust_09976","2"
"cust_03119","3"
"cust_04258","3"
"cust_06705","2"
"cust_00902","5"
"cust_02819","0"
"cust_03822","2"
"cust_08161","1"
"cust_06890","2"
"cust_09090","2"
"cust_04699","2"
"cust_08918","1"
"cust_03802","3"
"cust_06068","2"
"cust_05810","2"
"cust_03536","1"
"cust_03825","2"
"cust_08642","1"
"cust_08608","3"
"cust_04810","4"
"cust_01946","4"
"cust_08600","2"
"cust_07136","0"
"cust_05335","2"
"cust_03488","5"
"cust_01610","1"
"cust_07461","0"
"cust_08473","2"
"cust_04677","4"
"cust_04959","0"
"cust_05867","3"
"cust_08763","2"
"cust_04761","2"
"cust_02194","1"
"cust_08003","3"
"cust_05701","3"
"cust_05113","3"
"cust_00557","2"
"cust_08065","1"
"cust_05139","4"
"cust_01207","2"
"cust_07033","3"
"cust_07309","0"
"cust_01510","5"
"cust_06769","4"
"cust_03829","2"
"cust_03732","0"
"cust_07957","3"
"cust_03211","1"
"cust_03630","3"
"cust_01708","2"
"cust_01845","2"
"cust_00266","2"
"cust_05985","1"
"cust_01140","4"
"cust_03162","5"
"cust_06207","3"
"cust_02046","5"
"cust_03730","5"
"cust_01909","3"
"cust_07307","2"
"cust_02660","0"
"cust_00656","4"
"cust_06660","5"
"cust_01307","4"
"cust_09429","5"
"cust_00998","4"
"cust_07432","3"
"cust_02834","4"
"cust_09178","3"
"cust_05880","2"
"cust_01237","3"
"cust_02151","1"
"cust_07919","2"
"cust_09695","3"
"cust_07189","1"
"cust_08303","1"
"cust_06578","5"
"cust_05091","3"
"cust_02186","1"
"cust_01134","2"
"cust_05004","0"
"cust_07974","3"
"cust_01303","5"
"cust_08468","4"
"cust_01627","0"
"cust_09281","0"
"cust_01522","1"
"cust_09810","2"
"cust_00358","4"
"cust_00138","2"
"cust_00299","1"
"cust_01556","3"
"cust_05099","1"
"cust_00382","5"
"cust_08312","3"
"cust_06948","3"
"cust_04857","0"
"cust_03180","3"
"cust_01439","4"
"cust_07269","2"
"cust_05673","3"
"cust_00946","1"
"cust_02390","2"
"cust_05498","0"
"cust_07073","4"
"cust_09230","2"
"cust_02721","2"
"cust_01932","0"
"cust_07423","0"
"cust_03236","1"
"cust_03140","3"
"cust_04163","4"
"cust_08888","3"
"cust_03807","2"
"cust_09479","3"
"cust_06983","1"
"cust_08904","5"
"cust_09722","0"
"cust_04154","2"
"cust_04172","2"
"cust_00796","3"
"cust_02416","1"
"cust_07170","4"
"cust_06139","5"
"cust_00785","4"
"cust_07067","0"
"cust_03158","3"
"cust_00123","5"
"cust_09457","0"
"cust_09246","1"
"cust_02172","3"
"cust_02169","0"
"cust_06880","3"
"cust_04009","2"
"cust_09296","0"
"cust_04340","3"
"cust_00910","0"
"cust_06268","1"
"cust_07771","2"
"cust_02309","1"
"cust_09658","4"
"cust_03634","4"
"cust_01257","2"
"cust_06591","1"
"cust_04458","3"
"cust_06133","5"
"cust_01178","1"
"cust_04652","2"
"cust_06218","1"
"cust_03650","2"
"cust_00442","1"
"cust_03415","3"
"cust_01399","2"
"cust_01457","3"
"cust_07524","1"
"cust_05744","5"
"cust_01054","3"
"cust_08998","3"
"cust_03275","3"
"cust_01463","5"
"cust_03699","3"
"cust_03759","4"
"cust_00929","2"
"cust_05511","2"
"cust_06468","3"
"cust_08412","1"
"cust_01829","1"
"cust_02928","2"
"cust_08295","3"
"cust_06538","4"
"cust_04221","3"
"cust_03546","2"
"cust_05598","3"
"cust_08937","3"
"cust_07318","2"
"cust_08350","3"
"cust_02011","0"
"cust_00913","4"
"cust_08248","5"
"cust_07265","5"
"cust_03219","3"
"cust_02606","1"
"cust_03264","3"
"cust_04928","5"
"cust_08661","4"
"cust_06564","2"
"cust_08129","3"
"cust_00006","3"
"cust_02980","2"
"cust_06583","3"
"cust_03361","2"
"cust_04774","3"
"cust_01943","5"
"cust_07452","3"
"cust_05499","2"
"cust_01635","0"
"cust_01141","5"
"cust_02041","4"
"cust_06703","2"
"cust_07818","3"
"cust_02070","0"
"cust_03134","0"
"cust_05160","3"
"cust_08331","2"
"cust_05275","0"
"cust_02242","0"
"cust_01474","1"
"cust_08590","3"
"cust_01889","4"
"cust_03435","2"
"cust_07593","3"
"cust_07745","1"
"cust_03705","3"
"cust_02021","1"
"cust_04020","0"
"cust_08830","2"
"cust_08443","0"
"cust_03500","2"
"cust_02658","0"
"cust_08456","5"
"cust_06888","0"
"cust_01130","3"
"cust_05557","2"
"cust_07358","3"
"cust_01819","5"
"cust_07538","3"
"cust_09386","3"
"cust_04318","2"
"cust_09604","5"
"cust_04144","4"
"cust_04669","2"
"cust_01236","0"
"cust_05476","2"
"cust_09836","0"
"cust_01856","4"
"cust_02282","4"
"cust_08693","3"
"cust_09320","1"
"cust_04093","1"
"cust_07061","2"
"cust_05200","0"
"cust_06401","2"
"cust_09929","1"
"cust_03421","3"
"cust_09269","2"
"cust_00386","5"
"cust_08548","2"
"cust_01628","3"
"cust_03585","5"
"cust_07412","2"
"cust_02714","3"
"cust_07171","3"
"cust_08435","3"
"cust_09321","1"
"cust_05659","3"
"cust_03189","3"
"cust_09968","4"
"cust_04305","3"
"cust_00909","2"
"cust_05385","3"
"cust_01996","0"
"cust_01866","1"
"cust_01842","4"
"cust_02497","4"
"cust_00201","3"
"cust_07905","3"
"cust_07724","2"
"cust_05054","1"
"cust_05889","2"
"cust_04006","1"
"cust_09901","5"
"cust_02702","3"
"cust_03449","0"
"cust_00331","0"
"cust_07139","0"
"cust_08960","2"
"cust_09819","0"
"cust_07176","4"
"cust_02459","2"
"cust_01774","4"
"cust_06628","4"
"cust_07596","2"
"cust_07986","1"
"cust_02686","3"
"cust_09147","2"
"cust_00989","5"
"cust_09046","5"
"cust_08348","2"
"cust_08875","3"
"cust_08550","3"
"cust_05806","4"
"cust_08733","1"
"cust_08697","2"
"cust_06574","3"
"cust_03052","4"
"cust_08637","4"
"cust_05462","4"
"cust_00173","4"
"cust_04954","5"
"cust_04615","3"
"cust_03321","2"
"cust_07065","3"
"cust_06246","1"
"cust_06745","0"
"cust_03372","2"
"cust_06048","4"
"cust_03311","3"
"cust_07416","1"
"cust_07293","3"
"cust_07584","2"
"cust_09377","0"
"cust_08811","2"
"cust_08160","3"
"cust_04679","4"
"cust_03403","4"
"cust_00018","3"
"cust_03691","0"
"cust_08654","4"
"cust_04096","5"
"cust_03628","2"
"cust_08862","3"
"cust_02174","3"
"cust_01356","2"
"cust_05002","1"
"cust_07391","2"
"cust_06922","4"
"cust_05823","0"
"cust_09502","4"
"cust_05670","3"
"cust_03112","4"
"cust_00182","3"
"cust_03642","2"
"cust_08857","4"
"cust_01812","3"
"cust_07875","0"
"cust_08497","4"
"cust_04912","2"
"cust_05668","3"
"cust_08542","5"
"cust_01800","0"
"cust_09251","4"
"cust_02429","3"
"cust_05482","2"
"cust_06761","1"
"cust_09839","2"
"cust_09635","2"
"cust_01968","2"
"cust_08339","3"
"cust_08141","2"
"cust_07696","5"
"cust_07541","4"
"cust_04987","2"
"cust_09756","1"
"cust_04650","2"
"cust_01159","2"
"cust_01213","4"
"cust_07336","3"
"cust_01325","1"
"cust_07512","4"
"cust_07580","2"
"cust_04796","2"
"cust_06796","2"
"cust_05808","4"
"cust_05943","3"
"cust_09283","0"
"cust_08144","3"
"cust_01455","4"
"cust_05410","0"
"cust_07129","2"
"cust_08892","0"
"cust_04962","1"
"cust_02800","2"
"cust_01644","1"
"cust_02140","3"
"cust_04536","3"
"cust_04457","4"
"cust_08951","4"
"cust_05586","3"
"cust_04378","0"
"cust_00729","3"
"cust_04357","4"
"cust_07748","2"
"cust_06716","2"
"cust_01936","1"
"cust_03793","2"
"cust_03736","3"
"cust_02261","4"
"cust_04005","2"
"cust_01110","3"
"cust_09028","3"
"cust_05480","3"
"cust_02998","5"
"cust_02394","2"
"cust_01185","2"
"cust_02007","2"
"cust_00193","4"
"cust_05611","3"
"cust_02901","2"
"cust_00578","4"
"cust_06219","3"
"cust_05525","5"
"cust_00771","1"
"cust_07839","2"
"cust_02395","2"
"cust_01478","3"
"cust_01846","1"
"cust_09108","0"
"cust_04274","3"
"cust_03740","1"
"cust_04600","2"
"cust_08087","0"
"cust_08710","2"
"cust_06676","2"
"cust_06375","2"
"cust_08124","0"
"cust_09538","1"
"cust_04915","1"
"cust_02073","2"
"cust_04754","3"
"cust_01896","0"
"cust_08552","1"
"cust_06702","1"
"cust_06317","0"
"cust_03659","0"
"cust_06581","2"
"cust_02379","0"
"cust_01447","0"
"cust_00342","2"
"cust_05127","3"
"cust_03136","2"
"cust_02527","2"
"cust_00727","1"
"cust_04577","3"
"cust_00976","2"
"cust_08391","1"
"cust_05443","4"
"cust_09034","3"
"cust_03516","3"
"cust_07975","3"
"cust_09787","5"
"cust_03940","5"
"cust_01299","3"
"cust_09764","0"
"cust_01348","2"
"cust_00660","1"
"cust_05886","2"
"cust_01492","3"
"cust_09946","2"
"cust_04589","5"
"cust_08530","2"
"cust_05154","2"
"cust_02315","0"
"cust_09614","2"
"cust_09577","2"
"cust_07024","2"
"cust_01085","0"
"cust_02524","0"
"cust_08968","2"
"cust_05374","0"
"cust_03198","2"
"cust_05751","0"
"cust_04008","2"
"cust_05717","0"
"cust_06657","2"
"cust_09357","2"
"cust_08790","0"
"cust_00067","4"
"cust_07923","4"
"cust_00040","0"
"cust_02269","3"
"cust_02381","2"
"cust_07341","0"
"cust_09961","3"
"cust_04916","2"
"cust_05322","3"
"cust_05773","3"
"cust_06232","2"
"cust_06963","3"
"cust_03447","2"
"cust_06816","4"
"cust_02367","2"
"cust_07981","2"
"cust_08166","0"
"cust_02512","2"
"cust_09619","4"
"cust_02723","3"
"cust_05948","0"
"cust_09185","1"
"cust_09004","4"
"cust_01143","2"
"cust_09736","2"
"cust_07222","1"
"cust_08292","3"
"cust_09220","2"
"cust_04728","4"
"cust_05494","4"
"cust_05755","3"
"cust_07562","5"
"cust_03789","3"
"cust_02220","1"
"cust_05075","3"
"cust_02331","1"
"cust_05394","2"
"cust_07439","0"
"cust_08067","1"
"cust_07090","1"
"cust_09336","4"
"cust_04088","3"
"cust_01967","0"
"cust_09363","2"
"cust_09796","0"
"cust_06757","3"
"cust_09586","3"
"cust_04365","4"
"cust_06999","3"
"cust_00423","0"
"cust_00280","2"
"cust_01904","3"
"cust_00595","2"
"cust_08579","5"
"cust_03917","2"
"cust_06142","4"
"cust_05661","5"
"cust_05778","4"
"cust_03618","0"
"cust_06845","3"
"cust_00839","2"
"cust_04596","1"
"cust_07496","5"
"cust_00141","1"
"cust_02597","1"
"cust_06701","1"
"cust_07756","0"
"cust_01377","4"
"cust_03674","2"
"cust_08770","2"
"cust_09895","2"
"cust_06362","1"
"cust_04741","1"
"cust_03808","3"
"cust_01138","3"
"cust_02257","2"
"cust_07865","3"
"cust_01787","5"
"cust_03938","2"
"cust_09316","1"
"cust_04646","2"
"cust_00459","2"
"cust_06115","4"
"cust_09542","0"
"cust_00948","3"
"cust_03700","3"
"cust_01336","4"
"cust_06370","2"
"cust_04628","5"
"cust_06286","4"
"cust_05925","2"
"cust_05934","0"
"cust_06040","4"
"cust_00441","5"
"cust_06659","1"
"cust_01602","0"
"cust_02238","2"
"cust_00639","2"
"cust_09820","3"
"cust_03830","1"
"cust_09395","1"
"cust_06144","3"
"cust_07985","4"
"cust_09052","2"
"cust_06344","2"
"cust_02501","3"
"cust_01958","3"
"cust_01070","3"
"cust_00155","5"
"cust_02295","3"
"cust_09801","3"
"cust_04578","2"
"cust_01089","4"
"cust_06049","0"
"cust_06415","4"
"cust_02940","0"
"cust_00723","0"
"cust_04384","0"
"cust_00930","4"
"cust_02909","2"
"cust_07845","4"
"cust_06763","3"
"cust_08388","1"
"cust_06416","2"
"cust_00895","0"
"cust_03247","0"
"cust_02326","2"
"cust_07096","5"
"cust_09505","3"
"cust_07581","2"
"cust_09742","2"
"cust_05038","2"
"cust_06450","2"
"cust_04136","3"
"cust_09248","2"
"cust_01715","3"
"cust_01698","2"
"cust_09690","2"
"cust_09549","4"
"cust_09971","3"
"cust_08224","4"
"cust_03831","5"
"cust_06299","3"
"cust_03348","3"
"cust_09518","1"
"cust_00985","2"
"cust_01821","5"
"cust_04571","4"
"cust_00587","1"
"cust_09757","1"
"cust_05077","1"
"cust_07782","5"
"cust_08323","4"
"cust_09522","1"
"cust_09967","3"
"cust_05483","3"
"cust_07746","4"
"cust_09280","3"
"cust_05514","2"
"cust_09527","0"
"cust_08871","3"
"cust_05553","2"
"cust_03557","3"
"cust_01395","5"
"cust_00264","2"
"cust_03547","0"
"cust_06844","1"
"cust_07628","1"
"cust_06788","2"
"cust_03069","2"
"cust_05025","1"
"cust_08396","2"
"cust_03864","2"
"cust_09072","3"
"cust_02400","5"
"cust_06274","3"
"cust_08484","2"
"cust_03711","0"
"cust_00246","3"
"cust_01594","4"
"cust_09682","3"
"cust_01529","0"
"cust_08223","2"
"cust_00923","5"
"cust_07553","4"
"cust_04364","2"
"cust_00669","1"
"cust_03604","3"
"cust_05108","3"
"cust_01910","1"
"cust_08344","1"
"cust_05248","3"
"cust_07183","0"
"cust_03958","2"
"cust_06957","2"
"cust_06026","2"
"cust_05643","1"
"cust_02696","2"
"cust_02591","1"
"cust_05906","1"
"cust_01781","1"
"cust_06509","2"
"cust_03013","3"
"cust_07133","0"
"cust_02307","4"
"cust_07276","3"
"cust_03690","3"
"cust_00687","0"
"cust_06011","0"
"cust_07071","3"
"cust_00612","4"
"cust_07167","5"
"cust_09205","4"
"cust_03200","3"
"cust_02267","3"
"cust_09781","3"
"cust_06629","3"
"cust_04135","2"
"cust_01898","1"
"cust_09530","5"
"cust_08153","2"
"cust_00258","2"
"cust_02924","1"
"cust_09424","3"
"cust_04943","4"
"cust_02822","0"
"cust_06529","2"
"cust_03339","4"
"cust_03525","2"
"cust_04563","3"
"cust_09656","3"
"cust_07908","4"
"cust_05329","3"
"cust_05223","4"
"cust_02285","1"
"cust_06063","4"
"cust_04654","4"
"cust_05000","3"
"cust_06710","5"
"cust_09324","1"
"cust_00484","1"
"cust_02211","2"
"cust_05416","4"
"cust_07563","0"
"cust_02555","3"
"cust_00007","3"
"cust_03657","5"
"cust_06411","1"
"cust_09164","3"
"cust_04874","2"
"cust_04402","2"
"cust_08916","5"
"cust_05546","3"
"cust_05297","2"
"cust_02426","2"
"cust_06744","0"
"cust_01814","2"
"cust_06822","3"
"cust_09625","3"
"cust_02274","2"
"cust_01011","1"
"cust_01577","1"
"cust_07264","4"
"cust_01067","3"
"cust_01991","2"
"cust_03970","0"
"cust_09073","2"
"cust_05879","4"
"cust_08430","4"
"cust_04542","4"
"cust_09326","2"
"cust_07193","0"
"cust_03867","4"
"cust_09415","5"
"cust_06823","1"
"cust_03048","3"
"cust_00781","3"
"cust_06747","3"
"cust_02675","1"
"cust_01749","2"
"cust_06222","2"
"cust_07946","4"
"cust_02791","0"
"cust_06519","2"
"cust_05774","4"
"cust_06357","1"
"cust_04979","2"
"cust_07588","3"
"cust_01091","3"
"cust_06526","5"
"cust_09607","2"
"cust_04627","1"
"cust_02324","5"
"cust_06534","3"
"cust_08971","5"
"cust_05055","3"
"cust_02608","3"
"cust_09020","2"
"cust_02290","1"
"cust_01727","3"
"cust_00610","0"
"cust_04666","1"
"cust_08051","2"
"cust_05413","1"
"cust_00343","1"
"cust_04683","2"
"cust_08784","3"
"cust_03750","2"
"cust_08453","2"
"cust_09307","0"
"cust_05999","3"
"cust_03215","2"
"cust_00097","2"
"cust_07387","2"
"cust_07665","0"
"cust_05176","1"
"cust_07279","3"
"cust_06165","0"
"cust_01537","3"
"cust_03588","2"
"cust_09442","2"
"cust_06985","2"
"cust_03648","0"
"cust_02657","3"
"cust_09826","0"
"cust_01517","1"
"cust_05061","0"
"cust_09349","0"
"cust_04624","2"
"cust_04272","3"
"cust_03669","5"
"cust_06566","2"
"cust_05800","1"
"cust_02090","0"
"cust_07097","2"
"cust_06171","0"
"cust_00572","4"
"cust_09558","2"
"cust_04688","4"
"cust_09074","2"
"cust_03062","4"
"cust_09293","3"
"cust_06470","0"
"cust_07160","3"
"cust_06633","1"
"cust_08491","1"
"cust_07925","2"
"cust_07345","2"
"cust_06304","2"
"cust_07900","3"
"cust_09439","0"
"cust_08185","0"
"cust_04479","3"
"cust_04948","3"
"cust_05976","2"
"cust_00370","2"
"cust_01938","2"
"cust_02352","2"
"cust_07127","0"
"cust_01753","0"
"cust_03670","3"
"cust_07298","4"
"cust_03652","0"
"cust_05201","3"
"cust_07909","5"
"cust_02361","0"
"cust_04260","3"
"cust_05432","2"
"cust_06285","2"
"cust_04991","0"
"cust_07600","3"
"cust_09462","2"
"cust_03737","1"
"cust_07520","3"
"cust_08559","2"
"cust_08926","1"
"cust_09990","2"
"cust_05591","2"
"cust_01171","1"
"cust_07370","1"
"cust_07937","2"
"cust_08086","3"
"cust_01422","4"
"cust_06782","0"
"cust_09443","4"
"cust_08139","2"
"cust_09350","5"
"cust_08018","3"
"cust_06339","5"
"cust_09647","3"
"cust_00874","3"
"cust_02297","1"
"cust_02643","3"
"cust_07531","4"
"cust_01719","2"
"cust_05347","4"
"cust_05932","3"
"cust_00840","2"
"cust_09937","4"
"cust_00581","3"
"cust_00204","2"
"cust_01641","4"
"cust_02014","0"
"cust_03253","3"
"cust_07540","1"
"cust_00905","2"
"cust_00631","2"
"cust_08420","1"
"cust_07823","2"
"cust_01974","4"
"cust_00162","2"
"cust_04998","4"
"cust_01243","2"
"cust_09450","1"
"cust_07764","2"
"cust_04713","2"
"cust_00875","1"
"cust_01431","2"
"cust_08738","3"
"cust_06868","4"
"cust_04643","3"
"cust_05080","2"
"cust_05783","1"
"cust_09138","1"
"cust_07616","1"
"cust_08039","0"
"cust_07955","1"
"cust_09437","1"
"cust_02856","2"
"cust_01861","0"
"cust_02659","5"
"cust_03384","2"
"cust_09564","5"
"cust_09776","4"
"cust_08090","5"
"cust_08347","3"
"cust_07462","0"
"cust_06886","1"
"cust_04733","3"
"cust_03331","2"
"cust_09006","2"
"cust_08635","1"
"cust_06404","4"
"cust_08346","1"
"cust_09464","2"
"cust_07060","3"
"cust_02096","0"
"cust_02003","0"
"cust_08804","4"
"cust_09732","1"
"cust_04676","1"
"cust_05017","1"
"cust_07469","3"
"cust_00546","1"
"cust_01449","2"
"cust_03986","4"
"cust_06900","2"
"cust_02610","3"
"cust_01900","1"
"cust_03920","1"
"cust_02757","3"
"cust_06124","4"
"cust_06397","2"
"cust_01885","4"
"cust_09823","5"
"cust_05738","1"
"cust_08667","3"
"cust_05890","3"
"cust_02097","2"
"cust_09289","0"
"cust_05692","2"
"cust_00499","2"
"cust_05624","2"
"cust_00836","2"
"cust_03471","0"
"cust_04697","3"
"cust_06280","5"
"cust_08883","4"
"cust_02171","4"
"cust_09231","5"
"cust_05678","0"
"cust_09184","2"
"cust_00398","2"
"cust_02010","2"
"cust_05166","0"
"cust_05871","1"
"cust_09792","2"
"cust_01283","1"
"cust_08390","1"
"cust_02448","3"
"cust_04256","2"
"cust_01836","3"
"cust_09596","3"
"cust_01019","1"
"cust_05066","3"
"cust_01326","0"
"cust_08752","2"
"cust_00475","3"
"cust_02810","1"
"cust_08632","2"
"cust_01651","0"
"cust_09611","1"
"cust_01169","1"
"cust_02528","3"
"cust_01206","2"
"cust_06256","4"
"cust_07926","2"
"cust_05469","2"
"cust_09383","3"
"cust_00431","3"
"cust_07700","1"
"cust_00867","1"
"cust_02974","3"
"cust_05236","1"
"cust_05093","2"
"cust_05433","3"
"cust_00541","5"
"cust_05195","2"
"cust_01132","2"
"cust_09837","3"
"cust_04501","0"
"cust_06354","2"
"cust_09333","1"
"cust_03390","3"
"cust_03888","4"
"cust_02962","2"
"cust_04155","3"
"cust_03259","1"
"cust_06302","2"
"cust_06034","0"
"cust_07918","3"
"cust_09936","1"
"cust_02583","5"
"cust_02813","2"
"cust_03959","1"
"cust_02947","0"
"cust_06643","4"
"cust_05174","2"
"cust_06841","2"
"cust_08298","0"
"cust_03586","3"
"cust_09228","3"
"cust_07988","2"
"cust_02563","2"
"cust_02630","0"
"cust_03190","2"
"cust_07778","2"
"cust_07645","5"
"cust_05036","1"
"cust_01080","4"
"cust_04283","4"
"cust_09711","1"
"cust_07085","3"
"cust_02085","3"
"cust_06345","0"
"cust_02452","4"
"cust_04966","3"
"cust_02023","3"
"cust_08071","1"
"cust_08987","3"
"cust_08718","2"
"cust_07321","4"
"cust_00226","3"
"cust_01013","0"
"cust_06679","4"
"cust_01929","2"
"cust_01043","3"
"cust_05251","3"
"cust_01404","1"
"cust_02179","4"
"cust_00697","2"
"cust_01124","3"
"cust_07378","0"
"cust_03895","3"
"cust_08217","0"
"cust_05110","0"
"cust_01778","1"
"cust_07786","2"
"cust_02634","3"
"cust_07187","1"
"cust_07544","2"
"cust_07604","1"
"cust_03489","4"
"cust_08259","0"
"cust_01037","0"
"cust_06093","0"
"cust_02256","0"
"cust_08188","2"
"cust_02613","4"
"cust_00313","1"
"cust_02649","3"
"cust_02281","1"
"cust_06741","3"
"cust_02979","0"
"cust_02547","3"
"cust_05512","1"
"cust_05132","5"
"cust_02159","3"
"cust_07080","4"
"cust_03137","0"
"cust_09079","2"
"cust_05850","3"
"cust_09865","4"
"cust_06445","3"
"cust_03967","5"
"cust_01428","1"
"cust_08422","3"
"cust_02520","3"
"cust_07837","2"
"cust_04969","2"
"cust_01855","3"
"cust_08884","1"
"cust_05602","0"
"cust_09344","4"
"cust_09868","1"
"cust_00448","3"
"cust_07703","3"
"cust_01284","3"
"cust_05995","3"
"cust_07899","0"
"cust_03727","1"
"cust_07353","3"
"cust_00361","2"
"cust_06279","0"
"cust_05230","4"
"cust_08942","4"
"cust_07295","1"
"cust_08891","3"
"cust_07534","0"
"cust_06251","4"
"cust_05926","2"
"cust_05149","4"
"cust_02460","2"
"cust_00022","4"
"cust_02066","3"
"cust_01653","1"
"cust_00702","4"
"cust_08490","2"
"cust_02743","3"
"cust_01376","3"
"cust_01724","0"
"cust_02468","1"
"cust_03754","1"
"cust_02325","5"
"cust_00460","4"
"cust_05163","3"
"cust_04183","3"
"cust_05526","1"
"cust_04082","1"
"cust_01486","1"
"cust_03678","2"
"cust_00282","4"
"cust_06579","3"
"cust_04558","4"
"cust_04308","3"
"cust_06684","4"
"cust_04865","1"
"cust_03537","3"
"cust_03868","4"
"cust_07003","4"
"cust_02581","3"
"cust_01368","5"
"cust_09469","1"
"cust_08197","1"
"cust_00597","2"
"cust_04351","1"
"cust_06346","4"
"cust_08976","4"
"cust_06379","5"
"cust_04758","4"
"cust_00646","2"
"cust_06381","1"
"cust_07527","2"
"cust_09697","2"
"cust_06023","5"
"cust_07954","1"
"cust_07165","1"
"cust_03468","2"
"cust_07797","3"
"cust_07697","4"
"cust_02990","3"
"cust_09407","2"
"cust_04875","2"
"cust_02544","1"
"cust_08595","1"
"cust_05341","2"
"cust_01567","4"
"cust_09994","1"
"cust_04066","2"
"cust_03988","4"
"cust_07031","0"
"cust_02160","3"
"cust_00685","0"
"cust_07602","3"
"cust_07784","2"
"cust_03243","1"
"cust_05844","2"
"cust_09219","0"
"cust_02461","1"
"cust_04083","2"
"cust_02837","2"
"cust_03697","3"
"cust_07128","3"
"cust_06267","0"
"cust_04941","3"
"cust_05946","0"
"cust_04583","1"
"cust_05784","2"
"cust_04040","2"
"cust_02230","4"
"cust_07569","0"
"cust_00935","0"
"cust_02320","2"
"cust_04878","1"
"cust_00521","3"
"cust_00522","2"
"cust_05345","0"
"cust_09876","3"
"cust_03359","3"
"cust_01311","3"
"cust_03983","2"
"cust_06494","1"
"cust_09560","2"
"cust_01716","4"
"cust_00780","1"
"cust_08798","4"
"cust_08231","2"
"cust_05607","3"
"cust_05978","2"
"cust_00651","2"
"cust_03747","5"
"cust_02196","3"
"cust_08418","1"
"cust_00369","2"
"cust_09884","1"
"cust_08005","0"
"cust_04214","3"
"cust_00377","3"
"cust_09446","2"
"cust_02216","1"
"cust_08682","4"
"cust_01613","4"
"cust_06979","2"
"cust_07549","2"
"cust_01827","3"
"cust_03632","0"
"cust_00962","3"
"cust_02993","2"
"cust_06606","2"
"cust_09672","2"
"cust_02376","1"
"cust_08880","4"
"cust_00359","1"
"cust_03839","3"
"cust_08184","0"
"cust_01246","3"
"cust_07504","4"
"cust_08349","3"
"cust_06511","1"
"cust_05087","3"
"cust_03694","3"
"cust_01573","1"
"cust_06281","3"
"cust_05439","1"
"cust_02567","2"
"cust_03423","3"
"cust_02037","1"
"cust_09243","2"
"cust_00772","3"
"cust_05380","1"
"cust_09568","4"
"cust_03562","3"
"cust_00562","2"
"cust_06683","2"
"cust_02546","3"
"cust_05510","4"
"cust_05330","4"
"cust_09667","4"
"cust_04531","4"
"cust_01674","1"
"cust_07395","3"
"cust_00365","0"
"cust_08016","5"
"cust_09376","3"
"cust_04327","3"
"cust_09983","3"
"cust_00147","1"
"cust_01668","3"
"cust_03088","2"
"cust_08844","4"
"cust_07650","2"
"cust_00407","2"
"cust_09584","1"
"cust_07788","2"
"cust_03456","2"
"cust_06186","2"
"cust_04182","0"
"cust_03576","3"
"cust_03271","1"
"cust_04940","1"
"cust_01031","3"
"cust_08872","5"
"cust_06230","1"
"cust_06592","2"
"cust_08906","2"
"cust_09811","1"
"cust_06724","5"
"cust_08029","1"
"cust_08052","4"
"cust_00855","3"
"cust_03926","2"
"cust_08547","4"
"cust_00078","4"
"cust_07088","2"
"cust_02247","0"
"cust_08263","4"
"cust_04026","3"
"cust_09949","3"
"cust_09571","4"
"cust_09295","1"
"cust_00714","1"
"cust_07451","1"
"cust_00788","2"
"cust_02279","5"
"cust_04095","4"
"cust_03897","1"
"cust_07944","2"
"cust_07177","3"
"cust_09076","4"
"cust_09452","1"
"cust_03631","4"
"cust_08624","4"
"cust_07297","1"
"cust_06272","2"
"cust_00424","0"
"cust_00392","1"
"cust_03191","2"
"cust_00016","2"
"cust_06335","0"
"cust_04200","2"
"cust_02672","4"
"cust_02444","1"
"cust_06697","2"
"cust_06164","4"
"cust_02601","5"
"cust_03493","1"
"cust_06044","2"
"cust_01459","3"
"cust_03804","3"
"cust_09845","3"
"cust_07394","3"
"cust_04839","4"
"cust_08111","2"
"cust_03835","0"
"cust_09313","0"
"cust_05683","2"
"cust_08748","2"
"cust_05827","2"
"cust_09748","1"
"cust_04724","2"
"cust_08759","2"
"cust_05887","3"
"cust_02355","2"
"cust_06036","2"
"cust_04798","3"
"cust_02442","4"
"cust_08645","3"
"cust_04592","2"
"cust_08772","3"
"cust_00464","4"
"cust_00163","3"
"cust_09261","2"
"cust_09433","3"
"cust_08405","3"
"cust_09777","2"
"cust_09478","3"
"cust_07380","0"
"cust_06636","2"
"cust_00241","3"
"cust_02009","3"
"cust_06356","5"
"cust_03084","2"
"cust_06208","2"
"cust_00900","3"
"cust_05542","1"
"cust_06007","2"
"cust_07638","1"
"cust_06793","0"
"cust_08869","1"
"cust_07758","2"
"cust_04837","0"
"cust_02293","2"
"cust_06548","3"
"cust_07898","4"
"cust_07977","3"
"cust_04481","2"
"cust_05302","2"
"cust_04605","2"
"cust_03716","2"
"cust_09071","1"
"cust_06140","3"
"cust_01764","0"
"cust_06598","4"
"cust_01549","3"
"cust_03029","0"
"cust_08653","0"
"cust_06298","3"
"cust_06662","2"
"cust_06626","3"
"cust_02044","3"
"cust_00767","2"
"cust_05693","4"
"cust_07870","0"
"cust_07795","3"
"cust_01508","2"
"cust_07230","2"
"cust_07857","1"
"cust_03302","3"
"cust_04517","4"
"cust_04219","4"
"cust_09078","4"
"cust_09940","1"
"cust_03292","1"
"cust_00819","0"
"cust_01403","4"
"cust_01382","3"
"cust_02148","4"
"cust_06928","1"
"cust_05671","1"
"cust_01638","2"
"cust_05891","3"
"cust_07427","1"
"cust_00608","3"
"cust_06907","2"
"cust_00399","4"
"cust_07247","2"
"cust_06406","1"
"cust_00882","2"
"cust_03565","4"
"cust_04285","0"
"cust_01179","2"
"cust_05448","2"
"cust_04244","1"
"cust_05218","1"
"cust_03976","2"
"cust_02130","3"
"cust_05078","5"
"cust_00456","4"
"cust_05582","0"
"cust_05175","3"
"cust_01950","1"
"cust_05372","0"
"cust_00689","2"
"cust_08852","1"
"cust_06525","3"
"cust_09821","0"
"cust_06488","3"
"cust_06921","2"
"cust_01953","2"
"cust_07634","1"
"cust_05636","1"
"cust_07154","1"
"cust_08424","1"
"cust_06610","0"
"cust_02710","1"
"cust_08730","2"
"cust_03201","0"
"cust_04349","1"
"cust_04138","2"
"cust_01884","3"
"cust_08639","2"
"cust_04485","2"
"cust_02494","4"
"cust_05947","0"
"cust_03036","5"
"cust_05777","2"
"cust_03603","3"
"cust_00845","2"
"cust_00542","5"
"cust_03724","0"
"cust_04187","1"
"cust_03679","0"
"cust_08899","0"
"cust_07967","2"
"cust_08485","1"
"cust_06075","5"
"cust_07340","3"
"cust_08225","2"
"cust_07246","3"
"cust_09710","4"
"cust_08290","3"
"cust_07137","5"
"cust_02964","4"
"cust_07559","3"
"cust_02529","3"
"cust_07284","2"
"cust_05772","5"
"cust_01048","2"
"cust_07045","2"
"cust_01960","4"
"cust_02530","3"
"cust_09048","3"
"cust_07603","4"
"cust_06524","0"
"cust_00237","1"
"cust_04917","5"
"cust_06479","5"
"cust_01133","4"
"cust_06976","2"
"cust_05901","4"
"cust_09057","1"
"cust_04259","1"
"cust_08840","2"
"cust_06965","4"
"cust_09979","4"
"cust_00792","4"
"cust_01985","1"
"cust_05656","3"
"cust_08739","5"
"cust_07935","0"
"cust_06097","0"
"cust_05907","4"
"cust_07373","1"
"cust_08128","3"
"cust_02978","3"
"cust_08861","2"
"cust_09301","2"
"cust_06721","2"
"cust_07842","4"
"cust_05524","3"
"cust_08721","0"
"cust_08431","4"
"cust_09008","1"
"cust_08603","1"
"cust_07174","3"
"cust_03919","3"
"cust_03138","2"
"cust_09416","2"
"cust_09933","1"
"cust_05789","5"
"cust_04073","3"
"cust_03287","2"
"cust_03229","4"
"cust_01826","3"
"cust_05548","4"
"cust_00593","5"
"cust_02725","0"
"cust_04137","4"
"cust_00560","2"
"cust_07406","1"
"cust_08806","3"
"cust_08386","2"
"cust_00243","3"
"cust_07268","5"
"cust_05435","5"
"cust_04437","1"
"cust_09684","2"
"cust_08106","3"
"cust_00405","3"
"cust_01442","3"
"cust_00261","0"
"cust_04406","3"
"cust_07633","2"
"cust_09533","3"
"cust_01689","3"
"cust_09866","0"
"cust_01725","3"
"cust_08994","1"
"cust_04930","0"
"cust_05962","1"
"cust_02496","5"
"cust_09014","2"
"cust_06904","2"
"cust_06106","2"
"cust_08200","3"
"cust_00340","2"
"cust_02408","2"
"cust_01601","2"
"cust_09864","3"
"cust_08359","1"
"cust_05782","1"
"cust_04576","0"
"cust_07971","3"
"cust_03725","0"
"cust_02556","2"
"cust_02785","1"
"cust_01523","0"
"cust_07717","4"
"cust_02507","1"
"cust_02831","3"
"cust_01012","4"
"cust_05280","3"
"cust_04895","4"
"cust_01766","3"
"cust_04551","3"
"cust_07121","1"
"cust_06549","0"
"cust_04037","5"
"cust_08270","2"
"cust_00148","0"
"cust_00285","2"
"cust_07800","1"
"cust_09651","2"
"cust_00363","3"
"cust_05367","2"
"cust_09945","2"
"cust_08410","2"
"cust_09453","2"
"cust_04725","5"
"cust_07271","3"
"cust_06770","3"
"cust_04443","0"
"cust_07446","2"
"cust_00236","2"
"cust_07709","3"
"cust_09585","2"
"cust_02562","4"
"cust_07123","3"
"cust_08536","1"
"cust_09602","0"
"cust_05519","1"
"cust_09613","2"
"cust_03083","2"
"cust_02959","2"
"cust_02102","3"
"cust_00632","1"
"cust_06813","2"
"cust_02493","1"
"cust_02665","2"
"cust_08494","4"
"cust_08425","3"
"cust_09266","0"
"cust_04211","0"
"cust_03874","4"
"cust_02817","1"
"cust_08268","1"
"cust_09815","1"
"cust_07426","2"
"cust_08602","4"
"cust_08475","5"
"cust_01735","4"
"cust_07397","3"
"cust_04255","3"
"cust_08288","2"
"cust_02475","2"
"cust_09984","3"
"cust_03713","3"
"cust_08978","0"
"cust_01804","2"
"cust_00707","1"
"cust_09191","3"
"cust_05189","0"
"cust_05472","3"
"cust_00072","3"
"cust_07843","2"
"cust_05101","2"
"cust_06764","0"
"cust_01125","4"
"cust_01241","0"
"cust_08253","3"
"cust_02349","0"
"cust_06602","3"
"cust_06780","4"
"cust_04358","3"
"cust_01343","2"
"cust_09988","2"
"cust_08679","4"
"cust_09575","2"
"cust_06652","0"
"cust_01100","3"
"cust_07327","2"
"cust_07622","2"
"cust_00987","1"
"cust_02852","2"
"cust_00630","1"
"cust_01249","1"
"cust_03179","2"
"cust_00482","2"
"cust_03040","5"
"cust_05010","4"
"cust_08727","5"
"cust_07000","3"
"cust_03273","4"
"cust_07227","2"
"cust_03683","0"
"cust_06674","2"
"cust_06807","1"
"cust_09738","3"
"cust_01316","2"
"cust_03225","3"
"cust_01072","2"
"cust_04815","5"
"cust_08459","2"
"cust_05752","3"
"cust_09145","0"
"cust_04616","3"
"cust_03097","1"
"cust_06869","0"
"cust_01300","4"
"cust_07285","4"
"cust_06284","2"
"cust_05495","2"
"cust_05291","2"
"cust_01798","0"
"cust_05203","1"
"cust_08227","4"
"cust_05047","3"
"cust_06441","5"
"cust_08105","4"
"cust_02359","3"
"cust_09380","2"
"cust_03654","3"
"cust_07052","0"
"cust_01286","2"
"cust_09126","1"
"cust_04445","1"
"cust_02137","3"
"cust_06787","0"
"cust_09752","0"
"cust_08510","4"
"cust_09539","2"
"cust_06894","0"
"cust_08569","0"
"cust_07151","3"
"cust_00963","3"
"cust_06012","2"
"cust_04882","0"
"cust_00140","4"
"cust_09032","1"
"cust_06936","2"
"cust_06542","1"
"cust_05243","2"
"cust_04431","2"
"cust_00406","1"
"cust_08212","3"
"cust_08376","1"
"cust_08627","0"
"cust_08234","0"
"cust_04399","5"
"cust_05252","2"
"cust_00011","2"
"cust_04760","3"
"cust_01177","1"
"cust_02863","4"
"cust_06471","4"
"cust_06228","3"
"cust_02989","3"
"cust_07117","5"
"cust_07010","2"
"cust_08557","3"
"cust_01440","1"
"cust_09747","2"
"cust_02875","4"
"cust_09098","3"
"cust_08788","1"
"cust_07232","1"
"cust_03726","5"
"cust_02772","3"
"cust_00454","4"
"cust_08189","0"
"cust_01367","2"
"cust_03712","1"
"cust_09852","2"
"cust_01388","2"
"cust_01000","2"
"cust_07761","1"
"cust_03553","3"
"cust_04114","3"
"cust_01667","3"
"cust_03173","3"
"cust_09397","3"
"cust_00488","1"
"cust_03230","1"
"cust_03828","0"
"cust_08651","0"
"cust_05208","4"
"cust_07848","3"
"cust_05704","0"
"cust_09639","3"
"cust_08133","2"
"cust_00703","2"
"cust_05105","4"
"cust_08893","0"
"cust_03291","3"
"cust_08125","1"
"cust_09631","3"
"cust_09021","3"
"cust_04909","3"
"cust_04440","3"
"cust_00986","4"
"cust_09236","2"
"cust_09883","3"
"cust_07705","3"
"cust_06257","3"
"cust_06089","5"
"cust_05238","3"
"cust_01198","1"
"cust_09070","2"
"cust_07519","3"
"cust_06812","5"
"cust_08320","1"
"cust_07175","3"
"cust_04470","4"
"cust_00891","4"
"cust_01969","5"
"cust_05757","3"
"cust_06527","0"
"cust_06294","0"
"cust_07595","4"
"cust_03249","1"
"cust_06570","2"
"cust_06638","5"
"cust_07351","3"
"cust_09172","4"
"cust_07473","3"
"cust_09601","4"
"cust_08673","5"
"cust_01239","2"
"cust_02289","3"
"cust_02740","2"
"cust_04585","3"
"cust_01229","2"
"cust_06980","2"
"cust_05178","0"
"cust_04293","1"
"cust_01058","0"
"cust_06262","3"
"cust_00281","4"
"cust_00968","0"
"cust_03953","3"
"cust_01939","0"
"cust_08464","3"
"cust_01274","5"
"cust_00619","2"
"cust_08505","2"
"cust_01742","3"
"cust_01390","1"
"cust_02203","1"
"cust_03568","5"
"cust_06116","5"
"cust_09970","1"
"cust_06052","1"
"cust_03178","3"
"cust_03192","5"
"cust_06099","3"
"cust_07029","4"
"cust_00575","2"
"cust_06656","3"
"cust_07115","0"
"cust_08802","4"
"cust_06276","3"
"cust_08984","0"
"cust_05897","4"
"cust_05724","1"
"cust_00269","2"
"cust_00629","3"
"cust_03081","1"
"cust_03466","4"
"cust_06430","3"
"cust_09311","2"
"cust_07062","3"
"cust_09727","2"
"cust_05543","5"
"cust_04356","2"
"cust_02113","3"
"cust_08219","5"
"cust_03216","2"
"cust_03814","3"
"cust_08321","1"
"cust_08589","1"
"cust_02278","5"
"cust_04599","0"
"cust_00013","2"
"cust_09225","2"
"cust_01525","2"
"cust_02365","2"
"cust_04648","3"
"cust_00374","3"
"cust_08521","0"
"cust_06477","3"
"cust_00525","1"
"cust_06895","3"
"cust_03591","1"
"cust_07904","1"
"cust_02958","3"
"cust_00529","0"
"cust_03714","4"
"cust_04732","3"
"cust_01394","5"
"cust_05631","4"
"cust_06563","5"
"cust_04703","3"
"cust_01712","3"
"cust_09755","2"
"cust_00955","2"
"cust_06675","1"
"cust_03453","2"
"cust_02071","3"
"cust_09740","1"
"cust_00158","0"
"cust_07005","0"
"cust_00352","3"
"cust_06078","5"
"cust_06236","2"
"cust_02920","1"
"cust_04644","3"
"cust_00661","2"
"cust_07057","2"
"cust_03665","5"
"cust_07979","2"
"cust_00306","2"
"cust_04790","0"
"cust_02356","2"
"cust_01927","2"
"cust_09939","1"
"cust_03427","3"
"cust_03638","3"
"cust_01266","3"
"cust_01560","4"
"cust_07179","5"
"cust_04109","2"
"cust_07867","1"
"cust_04904","5"
"cust_07294","0"
"cust_00514","1"
"cust_00894","0"
"cust_00021","2"
"cust_00899","3"
"cust_00207","0"
"cust_00458","3"
"cust_02430","3"
"cust_08442","2"
"cust_03389","3"
"cust_03911","3"
"cust_05383","2"
"cust_00552","3"
"cust_03144","3"
"cust_06917","3"
"cust_02056","5"
"cust_01925","3"
"cust_00634","4"
"cust_06082","3"
"cust_09270","3"
"cust_09678","3"
"cust_00105","1"
"cust_03041","4"
"cust_01709","4"
"cust_00089","2"
"cust_07014","0"
"cust_03174","2"
"cust_00917","2"
"cust_07833","5"
"cust_06732","3"
"cust_01949","1"
"cust_06368","5"
"cust_00001","4"
"cust_08032","2"
"cust_06047","0"
"cust_02720","1"
"cust_09812","2"
"cust_03117","3"
"cust_09465","2"
"cust_03762","4"
"cust_00213","1"
"cust_00778","5"
"cust_03496","2"
"cust_08817","2"
"cust_02043","2"
"cust_05420","3"
"cust_06154","3"
"cust_08357","5"
"cust_08707","4"
"cust_08465","1"
"cust_04167","2"
"cust_03788","1"
"cust_00583","2"
"cust_09911","2"
"cust_09986","3"
"cust_00116","4"
"cust_06644","0"
"cust_09033","0"
"cust_09951","0"
"cust_08959","1"
"cust_01763","2"
"cust_01875","1"
"cust_03224","0"
"cust_00526","5"
"cust_07725","4"
"cust_02946","0"
"cust_04473","3"
"cust_05655","5"
"cust_06059","4"
"cust_00959","1"
"cust_06342","2"
"cust_03633","2"
"cust_01050","2"
"cust_03380","3"
"cust_03676","1"
"cust_05776","3"
"cust_09045","2"
"cust_06573","3"
"cust_05179","2"
"cust_01607","3"
"cust_03610","2"
"cust_09758","3"
"cust_06635","3"
"cust_09997","4"
"cust_00791","4"
"cust_03056","3"
"cust_01980","3"
"cust_03598","5"
"cust_00933","1"
"cust_07424","3"
"cust_05626","5"
"cust_01682","2"
"cust_04179","2"
"cust_06446","1"
"cust_04116","2"
"cust_00988","3"
"cust_02896","0"
"cust_03778","1"
"cust_05658","3"
"cust_03093","4"
"cust_03155","2"
"cust_01823","0"
"cust_09622","2"
"cust_01098","1"
"cust_02844","1"
"cust_03342","2"
"cust_00038","1"
"cust_06540","0"
"cust_09473","2"
"cust_03356","2"
"cust_07813","2"
"cust_08220","0"
"cust_09227","1"
"cust_02428","2"
"cust_05043","3"
"cust_05346","3"
"cust_04811","4"
"cust_08476","0"
"cust_00686","2"
"cust_04799","3"
"cust_07437","5"
"cust_02353","1"
"cust_06353","3"
"cust_04569","4"
"cust_08213","0"
"cust_02752","1"
"cust_08073","5"
"cust_01040","1"
"cust_07491","4"
"cust_01265","2"
"cust_09265","4"
"cust_07059","5"
"cust_00277","3"
"cust_05084","2"
"cust_02382","5"
"cust_00571","2"
"cust_01435","2"
"cust_05352","3"
"cust_05445","3"
"cust_01007","5"
"cust_04543","2"
"cust_08816","1"
"cust_02064","0"
"cust_01136","0"
"cust_05343","1"
"cust_00294","3"
"cust_02403","2"
"cust_03998","3"
"cust_03741","0"
"cust_09222","2"
"cust_02719","1"
"cust_09199","2"
"cust_05150","1"
"cust_02808","3"
"cust_00556","1"
"cust_08925","4"
"cust_04795","0"
"cust_02469","3"
"cust_03738","0"
"cust_04286","4"
"cust_02604","5"
"cust_00362","2"
"cust_06924","2"
"cust_01704","2"
"cust_02139","5"
"cust_03239","3"
"cust_02383","0"
"cust_07314","1"
"cust_04311","0"
"cust_01312","4"
"cust_03930","0"
"cust_06183","5"
"cust_01591","4"
"cust_09387","3"
"cust_02162","1"
"cust_02396","2"
"cust_00317","4"
"cust_05233","4"
"cust_05068","4"
"cust_04036","1"
"cust_03020","1"
"cust_08228","4"
"cust_05295","3"
"cust_03972","4"
"cust_05370","0"
"cust_04133","0"
"cust_00974","2"
"cust_07291","3"
"cust_00954","2"
"cust_09306","0"
"cust_05016","3"
"cust_09730","1"
"cust_07490","3"
"cust_01640","3"
"cust_01290","3"
"cust_01380","2"
"cust_01933","3"
"cust_04675","4"
"cust_00892","2"
"cust_07287","2"
"cust_04876","4"
"cust_07906","3"
"cust_08194","1"
"cust_09379","2"
"cust_02466","0"
"cust_07657","2"
"cust_01913","2"
"cust_02736","1"
"cust_00726","1"
"cust_07214","2"
"cust_08245","2"
"cust_01796","5"
"cust_03845","4"
"cust_06402","3"
"cust_00936","1"
"cust_02265","1"
"cust_00824","1"
"cust_07274","4"
"cust_01389","2"
"cust_03564","0"
"cust_05429","0"
"cust_07827","5"
"cust_05690","4"
"cust_07878","3"
"cust_01868","0"
"cust_08202","1"
"cust_07486","1"
"cust_00806","0"
"cust_04805","1"
"cust_09152","2"
"cust_07511","0"
"cust_08056","1"
"cust_04494","3"
"cust_02632","4"
"cust_08900","2"
"cust_08623","1"
"cust_07832","1"
"cust_04388","0"
"cust_00145","4"
"cust_06467","5"
"cust_02033","1"
"cust_09127","5"
"cust_01165","3"
"cust_02050","5"
"cust_03760","3"
"cust_04435","3"
"cust_03430","0"
"cust_08190","2"
"cust_08753","2"
"cust_07069","5"
"cust_04361","3"
"cust_01771","2"
"cust_03511","0"
"cust_00271","3"
"cust_08436","3"
"cust_02032","2"
"cust_09664","3"
"cust_03810","3"
"cust_04346","2"
"cust_00545","1"
"cust_03241","1"
"cust_08502","3"
"cust_09918","2"
"cust_07564","0"
"cust_00920","4"
"cust_09118","3"
"cust_06640","3"
"cust_07694","3"
"cust_08230","3"
"cust_07126","1"
"cust_04278","4"
"cust_02983","0"
"cust_00130","0"
"cust_07980","3"
"cust_02667","3"
"cust_07138","4"
"cust_03223","2"
"cust_07693","2"
"cust_05392","4"
"cust_00614","3"
"cust_09902","2"
"cust_01466","1"
"cust_04497","1"
"cust_03042","4"
"cust_02419","2"
"cust_05085","4"
"cust_03294","4"
"cust_06737","1"
"cust_01500","1"
"cust_01521","3"
"cust_09117","3"
"cust_04232","1"
"cust_07686","1"
"cust_04430","1"
"cust_00390","0"
"cust_09858","4"
"cust_07124","3"
"cust_05913","3"
"cust_08592","2"
"cust_04806","1"
"cust_08954","3"
"cust_08238","4"
"cust_08044","3"
"cust_09782","4"
"cust_03993","3"
"cust_09551","1"
"cust_06609","0"
"cust_05319","2"
"cust_07119","3"
"cust_02421","2"
"cust_05604","4"
"cust_01750","4"
"cust_09015","4"
"cust_09718","3"
"cust_00338","4"
"cust_08407","2"
"cust_01341","1"
"cust_09544","4"
"cust_07982","3"
"cust_03640","1"
"cust_00329","0"
"cust_08828","2"
"cust_03004","5"
"cust_06960","2"
"cust_04090","2"
"cust_02322","3"
"cust_06667","3"
"cust_07009","3"
"cust_04197","4"
"cust_03549","1"
"cust_08363","2"
"cust_04203","3"
"cust_09310","3"
"cust_08936","3"
"cust_06185","0"
"cust_01639","4"
"cust_00060","5"
"cust_01240","0"
"cust_05760","2"
"cust_05136","1"
"cust_02343","2"
"cust_02120","1"
"cust_01524","3"
"cust_07617","2"
"cust_00153","2"
"cust_00481","3"
"cust_06122","3"
"cust_07674","2"
"cust_07101","3"
"cust_01762","0"
"cust_07715","2"
"cust_09081","5"
"cust_07479","2"
"cust_06212","4"
"cust_04853","2"
"cust_02711","2"
"cust_06766","4"
"cust_04150","1"
"cust_01333","3"
"cust_08378","0"
"cust_09389","2"
"cust_09707","0"
"cust_09121","0"
"cust_03850","0"
"cust_08340","5"
"cust_04124","0"
"cust_08963","3"
"cust_04788","5"
"cust_02866","3"
"cust_01386","2"
"cust_05941","0"
"cust_03067","1"
"cust_09058","3"
"cust_03629","3"
"cust_09455","1"
"cust_08949","2"
"cust_03028","0"
"cust_02969","3"
"cust_08646","0"
"cust_06136","2"
"cust_08801","2"
"cust_04263","1"
"cust_00645","3"
"cust_09653","2"
"cust_02074","3"
"cust_00341","1"
"cust_08041","3"
"cust_01622","3"
"cust_07141","2"
"cust_05796","2"
"cust_07184","0"
"cust_08232","3"
"cust_05475","2"
"cust_09252","2"
"cust_00074","4"
"cust_08633","2"
"cust_09229","2"
"cust_02051","1"
"cust_02541","1"
"cust_01301","1"
"cust_05877","2"
"cust_07368","4"
"cust_01304","5"
"cust_08428","2"
"cust_09094","4"
"cust_02599","0"
"cust_02573","5"
"cust_03186","0"
"cust_02768","2"
"cust_04831","4"
"cust_04223","1"
"cust_09649","2"
"cust_02106","2"
"cust_02679","4"
"cust_01387","0"
"cust_08931","2"
"cust_09659","2"
"cust_07083","5"
"cust_01279","2"
"cust_00804","0"
"cust_01555","5"
"cust_09486","1"
"cust_04566","3"
"cust_09669","2"
"cust_04841","3"
"cust_03594","2"
"cust_06035","2"
"cust_06852","4"
"cust_08705","1"
"cust_04177","3"
"cust_01308","2"
"cust_03452","2"
"cust_03695","2"
"cust_04242","0"
"cust_02198","1"
"cust_04425","2"
"cust_06150","4"
"cust_00943","1"
"cust_00822","2"
"cust_05005","0"
"cust_06612","2"
"cust_08356","1"
"cust_05619","1"
"cust_04547","4"
"cust_02538","3"
"cust_05207","2"
"cust_09514","1"
"cust_09009","1"
"cust_03054","5"
"cust_03675","4"
"cust_07776","3"
"cust_07218","1"
"cust_06722","0"
"cust_03300","1"
"cust_03310","1"
"cust_07221","4"
"cust_08519","2"
"cust_05954","4"
"cust_00832","1"
"cust_03462","5"
"cust_07643","1"
"cust_00054","3"
"cust_03451","3"
"cust_06305","5"
"cust_01481","3"
"cust_04873","5"
"cust_08038","1"
"cust_03335","1"
"cust_06016","3"
"cust_04926","1"
"cust_05797","4"
"cust_09831","5"
"cust_05083","3"
"cust_06645","3"
"cust_05490","2"
"cust_00768","4"
"cust_02065","3"
"cust_09500","1"
"cust_07311","3"
"cust_08477","1"
"cust_04524","1"
"cust_02717","2"
"cust_02079","3"
"cust_08914","1"
"cust_00951","2"
"cust_08058","0"
"cust_02482","1"
"cust_01759","3"
"cust_04422","3"
"cust_06704","0"
"cust_05182","1"
"cust_08533","4"
"cust_03701","0"
"cust_04243","3"
"cust_00688","2"
"cust_03432","3"
"cust_04944","4"
"cust_00966","4"
"cust_09484","5"
"cust_02713","2"
"cust_04757","1"
"cust_09545","4"
"cust_06320","1"
"cust_05975","1"
"cust_03572","2"
"cust_05299","0"
"cust_01990","4"
"cust_01205","1"
"cust_04971","2"
"cust_06783","3"
"cust_03600","2"
"cust_06490","1"
"cust_08609","1"
"cust_09978","3"
"cust_08070","5"
"cust_08577","2"
"cust_07973","2"
"cust_01625","1"
"cust_00536","3"
"cust_08766","3"
"cust_07970","4"
"cust_04212","2"
"cust_06456","1"
"cust_03507","2"
"cust_08393","2"
"cust_07112","3"
"cust_02708","3"
"cust_05031","4"
"cust_06514","0"
"cust_04662","4"
"cust_04021","4"
"cust_01854","2"
"cust_09425","2"
"cust_02872","5"
"cust_03030","4"
"cust_01645","3"
"cust_03417","5"
"cust_03476","5"
"cust_09552","4"
"cust_01792","2"
"cust_03797","2"
"cust_03368","2"
"cust_07196","0"
"cust_09641","4"
"cust_05109","1"
"cust_06024","2"
"cust_08795","3"
"cust_09294","1"
"cust_00126","3"
"cust_05959","1"
"cust_03876","2"
"cust_04451","2"
"cust_07147","2"
"cust_03531","2"
"cust_00827","1"
"cust_07790","2"
"cust_00984","4"
"cust_07783","3"
"cust_02443","2"
"cust_08554","3"
"cust_00345","3"
"cust_00814","3"
"cust_06166","1"
"cust_05779","1"
"cust_02116","3"
"cust_00793","2"
"cust_06898","1"
"cust_02674","2"
"cust_00094","1"
"cust_04225","4"
"cust_03756","1"
"cust_02891","4"
"cust_02371","3"
"cust_09388","2"
"cust_03228","2"
"cust_07863","3"
"cust_06359","2"
"cust_09196","3"
"cust_07326","5"
"cust_06028","5"
"cust_01865","4"
"cust_04612","5"
"cust_02645","1"
"cust_02243","2"
"cust_05373","4"
"cust_02336","3"
"cust_00950","3"
"cust_01120","3"
"cust_02204","0"
"cust_00419","1"
"cust_00922","2"
"cust_08669","2"
"cust_05408","1"
"cust_05788","1"
"cust_05742","2"
"cust_07667","1"
"cust_05567","0"
"cust_08135","0"
"cust_01202","2"
"cust_05765","3"
"cust_08389","4"
"cust_01970","3"
"cust_04018","2"
"cust_03687","4"
"cust_01997","1"
"cust_04033","3"
"cust_01248","3"
"cust_02192","1"
"cust_02712","1"
"cust_02190","5"
"cust_04670","2"
"cust_05142","3"
"cust_05984","2"
"cust_06565","3"
"cust_07804","5"
"cust_06943","2"
"cust_02136","5"
"cust_01065","1"
"cust_00600","3"
"cust_04227","2"
"cust_07577","0"
"cust_00077","1"
"cust_07546","2"
"cust_02898","3"
"cust_04820","2"
"cust_09302","4"
"cust_06413","2"
"cust_09064","3"
"cust_08007","4"
"cust_05468","5"
"cust_05951","2"
"cust_03391","3"
"cust_05415","5"
"cust_02560","1"
"cust_08162","2"
"cust_02635","0"
"cust_05256","0"
"cust_03530","2"
"cust_08567","4"
"cust_01908","1"
"cust_00235","2"
"cust_01604","3"
"cust_07984","5"
"cust_03490","1"
"cust_01994","3"
"cust_02824","2"
"cust_09285","3"
"cust_01342","2"
"cust_08512","2"
"cust_01619","5"
"cust_05287","4"
"cust_02060","2"
"cust_09955","2"
"cust_02219","3"
"cust_06038","3"
"cust_00260","0"
"cust_09365","3"
"cust_09093","2"
"cust_03744","2"
"cust_02026","1"
"cust_06988","2"
"cust_04234","0"
"cust_01917","3"
"cust_01828","2"
"cust_06233","1"
"cust_09332","2"
"cust_06283","0"
"cust_04208","1"
"cust_00224","5"
"cust_08915","2"
"cust_06469","1"
"cust_09413","1"
"cust_00846","4"
"cust_04289","2"
"cust_05560","3"
"cust_02551","3"
"cust_00117","0"
"cust_08837","5"
"cust_05966","2"
"cust_08195","0"
"cust_08659","1"
"cust_07489","2"
"cust_00005","2"
"cust_05342","4"
"cust_09111","0"
"cust_04324","1"
"cust_01063","2"
"cust_02590","3"
"cust_08434","2"
"cust_03735","4"
"cust_03517","0"
"cust_06986","4"
"cust_06767","4"
"cust_05622","5"
"cust_01605","3"
"cust_01733","5"
"cust_09341","1"
"cust_03812","0"
"cust_09624","2"
"cust_01761","4"
"cust_05401","3"
"cust_02739","1"
"cust_02472","3"
"cust_06738","4"
"cust_06891","0"
"cust_07943","5"
"cust_04206","2"
"cust_06371","1"
"cust_00232","2"
"cust_08258","3"
"cust_07561","3"
"cust_06168","2"
"cust_03596","3"
"cust_06288","2"
"cust_04632","2"
"cust_00125","3"
"cust_07641","0"
"cust_06229","4"
"cust_01296","4"
"cust_01976","3"
"cust_09480","2"
"cust_09581","5"
"cust_05750","3"
"cust_08152","0"
"cust_03086","3"
"cust_09276","5"
"cust_06882","3"
"cust_09305","2"
"cust_07673","4"
"cust_03345","0"
"cust_08172","3"
"cust_09421","1"
"cust_05870","3"
"cust_06506","2"
"cust_02797","2"
"cust_00918","3"
"cust_01646","0"
"cust_05122","1"
"cust_05126","3"
"cust_04621","2"
"cust_06809","2"
"cust_00364","2"
"cust_02125","3"
"cust_08150","4"
"cust_08717","2"
"cust_00055","2"
"cust_00638","1"
"cust_00302","0"
"cust_05811","2"
"cust_01276","2"
"cust_04432","0"
"cust_03644","3"
"cust_04143","2"
"cust_02878","1"
"cust_06493","1"
"cust_05240","4"
"cust_09408","3"
"cust_06937","5"
"cust_07240","4"
"cust_02593","3"
"cust_02393","1"
"cust_00523","0"
"cust_06376","3"
"cust_06981","0"
"cust_06677","1"
"cust_03900","2"
"cust_09634","5"
"cust_05585","2"
"cust_09360","3"
"cust_07956","0"
"cust_07570","3"
"cust_06777","5"
"cust_00671","3"
"cust_04188","2"
"cust_00666","1"
"cust_03266","4"
"cust_01887","0"
"cust_08472","2"
"cust_09091","0"
"cust_07687","2"
"cust_06031","5"
"cust_06090","0"
"cust_06238","2"
"cust_07350","4"
"cust_07830","1"
"cust_00760","0"
"cust_06254","3"
"cust_01906","2"
"cust_03818","0"
"cust_06269","2"
"cust_04300","3"
"cust_05569","3"
"cust_07941","2"
"cust_04164","1"
"cust_05971","1"
"cust_03579","4"
"cust_02832","1"
"cust_05449","5"
"cust_03472","4"
"cust_06327","3"
"cust_00137","3"
"cust_07043","3"
"cust_04892","3"
"cust_02180","5"
"cust_07730","0"
"cust_03177","2"
"cust_04854","0"
"cust_04637","1"
"cust_05115","0"
"cust_07648","4"
"cust_04261","5"
"cust_01331","5"
"cust_07002","3"
"cust_06941","2"
"cust_08017","4"
"cust_06241","0"
"cust_09987","1"
"cust_06881","4"
"cust_04530","3"
"cust_04673","0"
"cust_06996","3"
"cust_01252","1"
"cust_03374","1"
"cust_02814","3"
"cust_04719","4"
"cust_06544","4"
"cust_04858","1"
"cust_07901","5"
"cust_08580","5"
"cust_08427","0"
"cust_01077","5"
"cust_04363","3"
"cust_00770","3"
"cust_08865","3"
"cust_00249","3"
"cust_07239","2"
"cust_03419","3"
"cust_04976","2"
"cust_04544","3"
"cust_05565","1"
"cust_07939","3"
"cust_00716","1"
"cust_09652","2"
"cust_02048","1"
"cust_05997","1"
"cust_06600","2"
"cust_07245","1"
"cust_04178","5"
"cust_04809","2"
"cust_09482","0"
"cust_07140","0"
"cust_07190","0"
"cust_01460","3"
"cust_05989","3"
"cust_02000","2"
"cust_08175","0"
"cust_00404","5"
"cust_00384","4"
"cust_09448","0"
"cust_09487","0"
"cust_01633","3"
"cust_09853","3"
"cust_04784","0"
"cust_09456","3"
"cust_06970","5"
"cust_03925","2"
"cust_04158","4"
"cust_07449","2"
"cust_08415","3"
"cust_02193","3"
"cust_01015","3"
"cust_05124","3"
"cust_07418","3"
"cust_07409","4"
"cust_08989","5"
"cust_02871","0"
"cust_00009","4"
"cust_01838","3"
"cust_04804","0"
"cust_00255","3"
"cust_07026","2"
"cust_05713","3"
"cust_03324","4"
"cust_07714","1"
"cust_01581","3"
"cust_00924","3"
"cust_02779","2"
"cust_07891","2"
"cust_06132","2"
"cust_05320","1"
"cust_07312","0"
"cust_07102","1"
"cust_06042","2"
"cust_03775","2"
"cust_04835","1"
"cust_04964","2"
"cust_00539","3"
"cust_07483","2"
"cust_02745","4"
"cust_03719","1"
"cust_06819","4"
"cust_09337","4"
"cust_04468","1"
"cust_00667","3"
"cust_07575","0"
"cust_08549","2"
"cust_05063","5"
"cust_01353","1"
"cust_07114","0"
"cust_09773","4"
"cust_08662","0"
"cust_02703","3"
"cust_03330","1"
"cust_08053","4"
"cust_03584","4"
"cust_09441","4"
"cust_05645","2"
"cust_03376","0"
"cust_01256","0"
"cust_06190","5"
"cust_05348","1"
"cust_04175","3"
"cust_04910","5"
"cust_01852","1"
"cust_06316","1"
"cust_09854","3"
"cust_02105","3"
"cust_00133","2"
"cust_05029","4"
"cust_00928","5"
"cust_00823","2"
"cust_07576","5"
"cust_01531","4"
"cust_01214","4"
"cust_00504","1"
"cust_06530","2"
"cust_03072","4"
"cust_09086","2"
"cust_08647","3"
"cust_06619","3"
"cust_09273","2"
"cust_03709","0"
"cust_04849","4"
"cust_04748","2"
"cust_04268","2"
"cust_09878","3"
"cust_08905","0"
"cust_04186","2"
"cust_05301","4"
"cust_02923","3"
"cust_06588","3"
"cust_01810","4"
"cust_03486","2"
"cust_07419","2"
"cust_03141","0"
"cust_09347","3"
"cust_01324","2"
"cust_04312","3"
"cust_07494","2"
"cust_08702","4"
"cust_08691","1"
"cust_09503","2"
"cust_05541","2"
"cust_06172","1"
"cust_01540","0"
"cust_09409","0"
"cust_02681","1"
"cust_09882","2"
"cust_06313","0"
"cust_01191","0"
"cust_05293","4"
"cust_01542","4"
"cust_07056","0"
"cust_02539","0"
"cust_00953","2"
"cust_07241","4"
"cust_06731","0"
"cust_04846","4"
"cust_06801","3"
"cust_08010","2"
"cust_04330","1"
"cust_08924","3"
"cust_05334","1"
"cust_07330","1"
"cust_09348","4"
"cust_04729","3"
"cust_06541","5"
"cust_05305","1"
"cust_05161","5"
"cust_07860","3"
"cust_02156","2"
"cust_01062","3"
"cust_01167","5"
"cust_03636","3"
"cust_07651","5"
"cust_05588","2"
"cust_07192","3"
"cust_04491","0"
"cust_07266","4"
"cust_04980","1"
"cust_08335","2"
"cust_09952","3"
"cust_04946","2"
"cust_02782","2"
"cust_00717","3"
"cust_02502","3"
"cust_04360","2"
"cust_04171","2"
"cust_08082","1"
"cust_09760","0"
"cust_00395","2"
"cust_07186","3"
"cust_09822","3"
"cust_04492","0"
"cust_01365","2"
"cust_09526","1"
"cust_08787","3"
"cust_05917","1"
"cust_04968","3"
"cust_02914","5"
"cust_05644","4"
"cust_03766","3"
"cust_03440","2"
"cust_07357","3"
"cust_06806","2"
"cust_02143","3"
"cust_05104","1"
"cust_05073","3"
"cust_01571","3"
"cust_04079","1"
"cust_01122","5"
"cust_02786","0"
"cust_02967","2"
"cust_02504","2"
"cust_05988","1"
"cust_08867","5"
"cust_07164","0"
"cust_00728","2"
"cust_07587","3"
"cust_07543","2"
"cust_00412","1"
"cust_05745","1"
"cust_07668","1"
"cust_00825","4"
"cust_03267","0"
"cust_03974","2"
"cust_08808","5"
"cust_08306","5"
"cust_00417","2"
"cust_06748","0"
"cust_08967","5"
"cust_02082","3"
"cust_08945","3"
"cust_03373","2"
"cust_05726","4"
"cust_04107","4"
"cust_04380","2"
"cust_07723","3"
"cust_01066","5"
"cust_03913","3"
"cust_05536","2"
"cust_08002","2"
"cust_05387","3"
"cust_05732","2"
"cust_02738","4"
"cust_05052","2"
"cust_04000","2"
"cust_02427","3"
"cust_06833","1"
"cust_01687","3"
"cust_00851","5"
"cust_06303","3"
"cust_09087","3"
"cust_05878","4"
"cust_08527","3"
"cust_02839","2"
"cust_04611","2"
"cust_09540","5"
"cust_09207","2"
"cust_02489","1"
"cust_06905","2"
"cust_07390","3"
"cust_02849","2"
"cust_06665","3"
"cust_05881","3"
"cust_04452","1"
"cust_07421","3"
"cust_06484","0"
"cust_02479","3"
"cust_06617","3"
"cust_02141","2"
"cust_05188","3"
"cust_09704","4"
"cust_02744","1"
"cust_07253","4"
"cust_03506","2"
"cust_01679","2"
"cust_04249","2"
"cust_03147","5"
"cust_08130","0"
"cust_07004","3"
"cust_00580","4"
"cust_04070","3"
"cust_03343","2"
"cust_07404","3"
"cust_03672","0"
"cust_00559","1"
"cust_05237","1"
"cust_07805","4"
"cust_00512","5"
"cust_01081","0"
"cust_01664","2"
"cust_09204","0"
"cust_01931","4"
"cust_09666","4"
"cust_01150","3"
"cust_02838","3"
"cust_05949","1"
"cust_08308","4"
"cust_08932","2"
"cust_09788","3"
"cust_05177","3"
"cust_00830","2"
"cust_08311","3"
"cust_04752","1"
"cust_09850","4"
"cust_00635","3"
"cust_04465","1"
"cust_06799","4"
"cust_07987","0"
"cust_07079","0"
"cust_06966","5"
"cust_04142","1"
"cust_07027","3"
"cust_09183","3"
"cust_00876","1"
"cust_04869","0"
"cust_05315","4"
"cust_05222","1"
"cust_00004","4"
"cust_03051","1"
"cust_05691","3"
"cust_03124","3"
"cust_02491","3"
"cust_03854","2"
"cust_04777","4"
"cust_07509","2"
"cust_06457","1"
"cust_06293","1"
"cust_01148","2"
"cust_00574","2"
"cust_03769","3"
"cust_04146","4"
"cust_00853","0"
"cust_05919","4"
"cust_09358","4"
"cust_06614","1"
"cust_06002","0"
"cust_09163","3"
"cust_04495","2"
"cust_08173","4"
"cust_06655","1"
"cust_02368","2"
"cust_04780","3"
"cust_07992","4"
"cust_02950","3"
"cust_05625","3"
"cust_06971","1"
"cust_08716","0"
"cust_01841","2"
"cust_05986","2"
"cust_00537","3"
"cust_02806","0"
"cust_05801","0"
"cust_05596","2"
"cust_07206","0"
"cust_07343","5"
"cust_07560","5"
"cust_08096","0"
"cust_00784","0"
"cust_01409","3"
"cust_00154","2"
"cust_07806","1"
"cust_03009","4"
"cust_01686","2"
"cust_04014","0"
"cust_07455","3"
"cust_03863","2"
"cust_02733","3"
"cust_01895","3"
"cust_05442","2"
"cust_00569","2"
"cust_06709","3"
"cust_05854","1"
"cust_01816","4"
"cust_08319","1"
"cust_03394","2"
"cust_03327","4"
"cust_09982","0"
"cust_06102","3"
"cust_02975","0"
"cust_00980","2"
"cust_00190","3"
"cust_09331","2"
"cust_05088","2"
"cust_00699","3"
"cust_09759","3"
"cust_00606","2"
"cust_00301","2"
"cust_03420","5"
"cust_09804","2"
"cust_01060","4"
"cust_03444","3"
"cust_01069","1"
"cust_02205","3"
"cust_09435","5"
"cust_07339","1"
"cust_08208","5"
"cust_07679","4"
"cust_04642","4"
"cust_07683","5"
"cust_09007","1"
"cust_07996","2"
"cust_05600","2"
"cust_09151","3"
"cust_07022","0"
"cust_04893","5"
"cust_00225","2"
"cust_03354","3"
"cust_05895","2"
"cust_08754","3"
"cust_03436","3"
"cust_01693","4"
"cust_06893","0"
"cust_01045","5"
"cust_03446","4"
"cust_08050","0"
"cust_09146","3"
"cust_09981","1"
"cust_04735","2"
"cust_04496","3"
"cust_01218","3"
"cust_06015","3"
"cust_09719","1"
"cust_03987","0"
"cust_04911","1"
"cust_09492","0"
"cust_04493","2"
"cust_06944","4"
"cust_05699","1"
"cust_08352","0"
"cust_00956","0"
"cust_02869","3"
"cust_04433","2"
"cust_04973","1"
"cust_02961","5"
"cust_02200","1"
"cust_00098","1"
"cust_09849","2"
"cust_02557","1"
"cust_08445","4"
"cust_04199","2"
"cust_09637","3"
"cust_05539","2"
"cust_01648","3"
"cust_06197","3"
"cust_06295","1"
"cust_04499","1"
"cust_01154","4"
"cust_02255","2"
"cust_03170","2"
"cust_07400","2"
"cust_07158","3"
"cust_03108","2"
"cust_04548","4"
"cust_05423","1"
"cust_02049","1"
"cust_09208","5"
"cust_08815","3"
"cust_09797","2"
"cust_00262","3"
"cust_04061","2"
"cust_05534","2"
"cust_06616","4"
"cust_08120","3"
"cust_08155","4"
"cust_01802","3"
"cust_04736","4"
"cust_02385","5"
"cust_06694","3"
"cust_05759","4"
"cust_01959","4"
"cust_02976","3"
"cust_08680","1"
"cust_01843","5"
"cust_01734","0"
"cust_02911","1"
"cust_08338","2"
"cust_01986","3"
"cust_09561","4"
"cust_06546","5"
"cust_07098","0"
"cust_02811","0"
"cust_00659","2"
"cust_02511","4"
"cust_04282","2"
"cust_09339","4"
"cust_08800","3"
"cust_06287","2"
"cust_01930","0"
"cust_07125","5"
"cust_00197","0"
"cust_07777","5"
"cust_02931","1"
"cust_08004","2"
"cust_02327","2"
"cust_04389","2"
"cust_08958","3"
"cust_04218","3"
"cust_00202","1"
"cust_03510","1"
"cust_04931","3"
"cust_05535","2"
"cust_05791","1"
"cust_01707","3"
"cust_05172","3"
"cust_05249","3"
"cust_06528","4"
"cust_09848","3"
"cust_05855","0"
"cust_08164","0"
"cust_00854","2"
"cust_04737","3"
"cust_00698","4"
"cust_03696","2"
"cust_01636","2"
"cust_07280","5"
"cust_07554","3"
"cust_03581","1"
"cust_01291","4"
"cust_06585","3"
"cust_01853","4"
"cust_05232","0"
"cust_03763","2"
"cust_03304","1"
"cust_01495","5"
"cust_07994","1"
"cust_01998","4"
"cust_00663","2"
"cust_03748","2"
"cust_04413","3"
"cust_05530","4"
"cust_05575","0"
"cust_08901","2"
"cust_07526","4"
"cust_09474","2"
"cust_05864","0"
"cust_06776","2"
"cust_01306","2"
"cust_07392","0"
"cust_05592","2"
"cust_09721","4"
"cust_01663","3"
"cust_05450","0"
"cust_09954","1"
"cust_03627","3"
"cust_02693","1"
"cust_09789","0"
"cust_05915","3"
"cust_03157","3"
"cust_06668","1"
"cust_01059","5"
"cust_04636","1"
"cust_03242","3"
"cust_01678","5"
"cust_06892","4"
"cust_06374","1"
"cust_07574","4"
"cust_01757","3"
"cust_06019","2"
"cust_05116","1"
"cust_08755","1"
"cust_07408","4"
"cust_02790","3"
"cust_00863","3"
"cust_07858","5"
"cust_01484","2"
"cust_07035","4"
"cust_07721","1"
"cust_05977","3"
"cust_05134","3"
"cust_00206","3"
"cust_04488","2"
"cust_06938","4"
"cust_09062","4"
"cust_06910","3"
"cust_00502","4"
"cust_07385","2"
"cust_01028","0"
"cust_03840","2"
"cust_08110","3"
"cust_05056","2"
"cust_09762","3"
"cust_08154","2"
"cust_02731","0"
"cust_08996","2"
"cust_02454","0"
"cust_07215","1"
"cust_03104","0"
"cust_08392","2"
"cust_06278","4"
"cust_03099","3"
"cust_06184","3"
"cust_03561","2"
"cust_05892","1"
"cust_00391","4"
"cust_06736","2"
"cust_05618","2"
"cust_05258","0"
"cust_09687","2"
"cust_02695","1"
"cust_02027","4"
"cust_05463","0"
"cust_02568","1"
"cust_08006","2"
"cust_00064","1"
"cust_02062","2"
"cust_05276","3"
"cust_07208","0"
"cust_08684","0"
"cust_08571","0"
"cust_06331","0"
"cust_04859","0"
"cust_04887","4"
"cust_09268","0"
"cust_00878","1"
"cust_08529","3"
"cust_07916","2"
"cust_06863","4"
"cust_07892","1"
"cust_06439","3"
"cust_07869","0"
"cust_01016","3"
"cust_09467","3"
"cust_07629","0"
"cust_00995","4"
"cust_04297","3"
"cust_00161","4"
"cust_05675","2"
"cust_06873","4"
"cust_09692","2"
"cust_07989","0"
"cust_03843","4"
"cust_01021","2"
"cust_03073","4"
"cust_07555","4"
"cust_03943","3"
"cust_01585","1"
"cust_03152","4"
"cust_08226","4"
"cust_00775","2"
"cust_09670","4"
"cust_07099","5"
"cust_05486","2"
"cust_06235","2"
"cust_09555","3"
"cust_07041","0"
"cust_02612","1"
"cust_07513","4"
"cust_08433","1"
"cust_08792","0"
"cust_05393","2"
"cust_08838","1"
"cust_03890","1"
"cust_03556","3"
"cust_01528","3"
"cust_01267","3"
"cust_07734","1"
"cust_01899","1"
"cust_04658","2"
"cust_03005","1"
"cust_02734","1"
"cust_00189","2"
"cust_09167","5"
"cust_02747","2"
"cust_02047","2"
"cust_07849","3"
"cust_02558","1"
"cust_09274","2"
"cust_08666","4"
"cust_06396","0"
"cust_03385","2"
"cust_04555","3"
"cust_01184","1"
"cust_06420","2"
"cust_05051","2"
"cust_05311","4"
"cust_02433","3"
"cust_06949","3"
"cust_00769","0"
"cust_01685","0"
"cust_08322","2"
"cust_05578","1"
"cust_04426","1"
"cust_00466","2"
"cust_06265","0"
"cust_05734","2"
"cust_05191","5"
"cust_05390","3"
"cust_00860","5"
"cust_07270","3"